ASX Code,Company Name,Item,1990,1991,1992,1993,1994,1995,1996,1997,1998,1999,2000,2001,2002,2003,2004,2005,2006,2007,2008,2009,2010,2011,2012,2013,2014,2015,2016
3PL,3P Learning Limited,Annual Ratio Analysis - ROE, , , , , , , , , , , , , , , , , , , , , , , ,0.00%,140.78%,12.34%, 
3PL,3P Learning Limited,Annual Profit and Loss - Operating Revenue, , , , , , , , , , , , , , , , , , , , , , , ,--,"31,781,000.00","37,893,000.00", 
3PL,3P Learning Limited,Annual Profit and Loss - Reported NPAT After Abnorma, , , , , , , , , , , , , , , , , , , , , , , ,0.00,"5,107,000.00","4,152,000.00", 
3PL,3P Learning Limited,Annual Balance Sheet - Total Equity, , , , , , , , , , , , , , , , , , , , , , , ,"19,300,000.00","7,264,000.00","33,142,000.00", 
3PL,3P Learning Limited,Annual Balance Sheet - Total Assets, , , , , , , , , , , , , , , , , , , , , , , ,"34,600,000.00","50,567,000.00","72,752,000.00", 
AAD,Ardent Leisure Group,Annual Ratio Analysis - ROE, , , , , , , , ,0.18%,13.42%,9.52%,9.57%,10.10%,10.42%,28.87%,11.00%,11.79%,9.87%,7.68%,6.33%,8.16%,9.37%,10.36%,10.31%,11.50%,6.27%, 
AAD,Ardent Leisure Group,Annual Profit and Loss - Operating Revenue, , , , , , , , ,--,--,--,--,--,--,--,--,--,--,--,--,--,--,--,--,--,--, 
AAD,Ardent Leisure Group,Annual Profit and Loss - Reported NPAT After Abnorma, , , , , , , , ,"-4,588,000.00","9,996,000.00","11,626,000.00","-17,204,000.00","10,022,000.00","11,536,000.00","46,012,000.00","25,198,000.00","994,000.00","47,857,000.00","39,449,000.00","-796,000.00","17,837,000.00","35,675,000.00","12,627,000.00","35,617,000.00","49,002,000.00","32,122,000.00", 
AAD,Ardent Leisure Group,Annual Balance Sheet - Total Equity, , , , , , , , ,"97,612,000.00","96,980,000.00","122,066,000.00","97,233,000.00","99,251,000.00","110,694,000.00","159,403,000.00","229,172,000.00","322,532,000.00","490,394,000.00","496,312,000.00","409,918,000.00","423,701,000.00","420,776,000.00","406,655,000.00","487,290,000.00","505,502,000.00","579,482,000.00", 
AAD,Ardent Leisure Group,Annual Balance Sheet - Total Assets, , , , , , , , ,"216,314,000.00","122,250,000.00","163,652,000.00","142,302,000.00","148,709,000.00","163,270,000.00","219,486,000.00","353,412,000.00","458,254,000.00","704,135,000.00","815,442,000.00","745,092,000.00","696,979,000.00","689,437,000.00","678,801,000.00","799,742,000.00","853,007,000.00","996,507,000.00", 
ACO,Australian Careers Network Limited,Annual Ratio Analysis - ROE, , , , , , , , , , , , , , , , , , , , , , , , ,0.00%,29.92%, 
ACO,Australian Careers Network Limited,Annual Profit and Loss - Operating Revenue, , , , , , , , , , , , , , , , , , , , , , , , ,--,"83,951,000.00", 
ACO,Australian Careers Network Limited,Annual Profit and Loss - Reported NPAT After Abnorma, , , , , , , , , , , , , , , , , , , , , , , , ,0.00,"17,277,000.00", 
ACO,Australian Careers Network Limited,Annual Balance Sheet - Total Equity, , , , , , , , , , , , , , , , , , , , , , , , ,"47,762,000.00","66,707,000.00", 
ACO,Australian Careers Network Limited,Annual Balance Sheet - Total Assets, , , , , , , , , , , , , , , , , , , , , , , , ,"61,340,000.00","89,712,000.00", 
AGI,Ainsworth Game Technology Limited,Annual Ratio Analysis - ROE, , , , , , , , , , ,-111.56%,-21.46%,-14.87%,-51.06%,5.27%,-17.29%,5.05%,-331.62%,-78.92%,-73.45%,-17.98%,59.76%,39.79%,25.54%,26.17%,25.08%, 
AGI,Ainsworth Game Technology Limited,Annual Profit and Loss - Operating Revenue, , , , , , , , , , ,--,"1,071,868.00","21,659,000.00","31,905,000.00","63,727,000.00","82,235,000.00","85,270,000.00","30,977,000.00","49,563,000.00","45,164,000.00","69,278,000.00","97,963,000.00","147,803,000.00","190,274,000.00","244,118,000.00","240,643,000.00", 
AGI,Ainsworth Game Technology Limited,Annual Profit and Loss - Reported NPAT After Abnorma, , , , , , , , , , ,"-3,029,451.00","-9,864,632.00","-5,944,000.00","-14,820,000.00","2,122,000.00","-10,640,000.00","3,231,000.00","-49,485,000.00","-19,357,000.00","-12,542,000.00","-2,721,000.00","23,121,000.00","64,275,000.00","52,202,000.00","61,570,000.00","70,353,000.00", 
AGI,Ainsworth Game Technology Limited,Annual Balance Sheet - Total Equity, , , , , , , , , , ,"2,715,648.00","45,973,060.00","39,961,000.00","25,141,000.00","40,243,000.00","33,699,000.00","63,923,000.00","14,922,000.00","24,527,000.00","17,075,000.00","15,133,000.00","38,692,000.00","161,524,000.00","204,418,000.00","235,302,000.00","280,487,000.00", 
AGI,Ainsworth Game Technology Limited,Annual Balance Sheet - Total Assets, , , , , , , , , , ,"3,566,223.00","48,505,885.00","48,069,000.00","41,200,000.00","73,982,000.00","111,058,000.00","135,556,000.00","87,156,000.00","89,904,000.00","81,057,000.00","85,264,000.00","113,101,000.00","192,255,000.00","246,076,000.00","288,660,000.00","348,632,000.00", 
AKG,Academies Australasia Group Limited,Annual Ratio Analysis - ROE,3.63%,-33.87%,-1.20%,-3.94%,11.53%,-20.16%,17.26%,-53.42%,49.34%,22.03%,5.14%,2.19%,-2.90%,20.79%,-150.21%,-142.09%,-73.43%,20.63%,83.57%,21.60%,18.68%,17.71%,18.19%,21.38%,16.83%,1.50%, 
AKG,Academies Australasia Group Limited,Annual Profit and Loss - Operating Revenue,"5,541,000.00","2,762,000.00","2,548,000.00","2,163,000.00","6,202,000.00","16,596,000.00","19,019,900.00","6,806,028.00","4,367,618.00","6,845,060.00",0.00,"8,671,654.00","8,976,217.00","10,536,618.00","8,522,318.00","8,673,000.00","9,401,647.00","11,602,921.00","20,133,303.00","16,926,612.00","17,727,551.00","25,109,063.00","32,992,232.00","35,749,000.00","43,309,000.00","56,755,000.00", 
AKG,Academies Australasia Group Limited,Annual Profit and Loss - Reported NPAT After Abnorma,"-4,085,000.00","-7,119,000.00","-603,000.00","-168,000.00","3,189,000.00","-2,057,000.00","874,387.00","-2,356,857.00","1,285,052.00","1,598,052.00","1,618,000.00","164,000.00","-211,282.00","-2,969,619.00","-2,735,155.00","-2,083,000.00","-984,972.00","317,691.00","6,008,413.00","1,757,536.00","1,657,856.00","2,255,974.00","2,973,993.00","3,269,000.00","5,400,000.00","173,000.00", 
AKG,Academies Australasia Group Limited,Annual Balance Sheet - Total Equity,"11,435,000.00","4,957,000.00","4,406,000.00","4,261,000.00","7,456,000.00","7,015,000.00","7,234,067.00","1,990,926.00","2,498,212.00","5,594,939.00","8,405,754.00","7,486,998.00","7,275,716.00","4,556,097.00","1,820,942.00","1,466,000.00","1,341,309.00","1,540,047.00","7,189,765.00","8,135,490.00","9,452,011.00","13,417,286.00","14,495,371.00","15,292,000.00","31,594,000.00","25,562,000.00", 
AKG,Academies Australasia Group Limited,Annual Balance Sheet - Total Assets,"19,429,000.00","5,225,000.00","4,456,000.00","4,355,000.00","8,664,000.00","8,701,000.00","20,035,971.00","18,201,808.00","19,217,784.00","30,347,506.00","32,827,601.00","14,550,359.00","15,095,174.00","12,168,463.00","9,403,170.00","9,048,000.00","8,433,529.00","11,184,457.00","12,352,208.00","11,877,420.00","13,742,200.00","23,271,978.00","23,531,601.00","27,686,000.00","62,108,000.00","69,542,000.00", 
ALL,Aristocrat Leisure Limited,Annual Ratio Analysis - ROE, , , , , , ,47.97%,23.02%,24.19%,52.79%,40.89%,24.55%,20.15%,24.68%,46.69%,69.50%,65.67%,77.21%,72.80%,75.19%,28.74%,25.95%,21.80%,28.25%,23.17%,20.87%, 
ALL,Aristocrat Leisure Limited,Annual Profit and Loss - Operating Revenue, , , , , , ,"256,924,000.00","327,851,000.00","409,140,000.00","263,187,000.00","533,471,000.00","766,810,000.00","969,470,000.00","981,284,000.00","1,136,647,000.00","1,296,323,000.00","1,074,534,000.00","1,125,031,000.00","1,079,902,000.00","908,648,000.00","680,510,000.00","704,302,000.00","581,808,000.00","808,682,000.00","847,554,000.00","1,576,061,000.00", 
ALL,Aristocrat Leisure Limited,Annual Profit and Loss - Reported NPAT After Abnorma, , , , , , ,"17,844,000.00","23,318,000.00","28,216,000.00","36,269,000.00","64,737,000.00","86,253,000.00","80,095,000.00","-106,040,000.00","174,719,000.00","244,321,000.00","240,055,000.00","247,936,000.00","101,927,000.00","-157,299,000.00","77,751,000.00","66,899,000.00","46,551,000.00","107,200,000.00","-16,429,000.00","186,430,000.00", 
ALL,Aristocrat Leisure Limited,Annual Balance Sheet - Total Equity, , , , , , ,"44,782,000.00","108,179,000.00","119,919,000.00","137,401,000.00","158,655,000.00","350,611,000.00","398,061,000.00","218,678,000.00","374,190,000.00","351,557,000.00","364,969,000.00","320,801,000.00","192,429,000.00","153,861,000.00","187,872,000.00","252,144,000.00","276,524,000.00","375,429,000.00","706,080,000.00","917,423,000.00", 
ALL,Aristocrat Leisure Limited,Annual Balance Sheet - Total Assets, , , , , , ,"142,325,000.00","197,771,000.00","223,363,000.00","272,227,000.00","328,945,000.00","947,365,000.00","1,170,547,000.00","732,087,000.00","905,888,000.00","1,067,420,000.00","877,962,000.00","825,898,000.00","1,016,371,000.00","808,108,000.00","708,909,000.00","761,488,000.00","724,787,000.00","873,284,000.00","1,112,709,000.00","3,218,733,000.00", 
AQS,Aquis Entertainment Limited,Annual Ratio Analysis - ROE, , , , , , , , , , , , , , , , , , , , , ,0.00%,-16.99%,-13.51%,-22.10%,-52.03%, 
AQS,Aquis Entertainment Limited,Annual Profit and Loss - Operating Revenue, , , , , , , , , , , , , , , , , , , , , ,--,--,--,--,--, 
AQS,Aquis Entertainment Limited,Annual Profit and Loss - Reported NPAT After Abnorma, , , , , , , , , , , , , , , , , , , , , ,0.00,"-357,851.00","-288,425.00","-398,068.00","-616,341.00", 
AQS,Aquis Entertainment Limited,Annual Balance Sheet - Total Equity, , , , , , , , , , , , , , , , , , , , , ,"3,276,059.00","2,106,660.00","2,135,217.00","1,800,926.00","1,184,616.00", 
AQS,Aquis Entertainment Limited,Annual Balance Sheet - Total Assets, , , , , , , , , , , , , , , , , , , , , ,"3,297,559.00","2,107,393.00","2,152,905.00","1,815,846.00","1,305,879.00", 
AQU,Aquaint Capital Holdings Limited,Annual Ratio Analysis - ROE, , , , , , , , , , , , , , , , , , , , , , , ,0.00%,-26.86%, , 
AQU,Aquaint Capital Holdings Limited,Annual Profit and Loss - Operating Revenue, , , , , , , , , , , , , , , , , , , , , , , ,--,--, , 
AQU,Aquaint Capital Holdings Limited,Annual Profit and Loss - Reported NPAT After Abnorma, , , , , , , , , , , , , , , , , , , , , , , ,0.00,"-8,032,000.00", , 
AQU,Aquaint Capital Holdings Limited,Annual Balance Sheet - Total Equity, , , , , , , , , , , , , , , , , , , , , , , ,"38,098,496.00","29,898,000.00", , 
AQU,Aquaint Capital Holdings Limited,Annual Balance Sheet - Total Assets, , , , , , , , , , , , , , , , , , , , , , , ,"41,674,496.00","37,515,000.00", , 
CKF,Collins Foods Limited,Annual Ratio Analysis - ROE, , , , , , , , , , , , , , , , , , , , , ,0.00%,6.38%,8.82%,8.51%,16.30%,17.12%
CKF,Collins Foods Limited,Annual Profit and Loss - Operating Revenue, , , , , , , , , , , , , , , , , , , , , ,--,"404,177,000.00","421,385,000.00","440,557,000.00","571,593,000.00","570,639,000.00"
CKF,Collins Foods Limited,Annual Profit and Loss - Reported NPAT After Abnorma, , , , , , , , , , , , , , , , , , , , , ,0.00,"11,429,000.00","16,368,000.00","14,025,000.00","-10,360,000.00","29,115,000.00"
CKF,Collins Foods Limited,Annual Balance Sheet - Total Equity, , , , , , , , , , , , , , , , , , , , , ,"161,100,000.00","179,268,000.00","185,495,000.00","191,372,000.00","171,289,000.00","189,697,000.00"
CKF,Collins Foods Limited,Annual Balance Sheet - Total Assets, , , , , , , , , , , , , , , , , , , , , ,"313,100,000.00","334,261,000.00","340,786,000.00","420,696,000.00","408,946,000.00","428,310,000.00"
CTD,Corporate Travel Management Limited,Annual Ratio Analysis - ROE, , , , , , , , , , , , , , , , , , , , ,11.05%,22.15%,21.38%,16.02%,13.95%,12.44%, 
CTD,Corporate Travel Management Limited,Annual Profit and Loss - Operating Revenue, , , , , , , , , , , , , , , , , , , , ,"31,547,000.00","46,248,000.00","65,003,000.00","78,696,000.00","109,256,000.00","196,439,000.00", 
CTD,Corporate Travel Management Limited,Annual Profit and Loss - Reported NPAT After Abnorma, , , , , , , , , , , , , , , , , , , , ,"3,317,000.00","8,268,000.00","11,798,000.00","12,394,000.00","16,579,000.00","29,094,000.00", 
CTD,Corporate Travel Management Limited,Annual Balance Sheet - Total Equity, , , , , , , , , , , , , , , , , , , , ,"30,018,000.00","38,231,000.00","53,009,000.00","72,985,000.00","132,884,000.00","235,911,000.00", 
CTD,Corporate Travel Management Limited,Annual Balance Sheet - Total Assets, , , , , , , , , , , , , , , , , , , , ,"43,911,000.00","58,714,000.00","83,614,000.00","121,096,000.00","247,765,000.00","440,408,000.00", 
CWN,Crown Resorts Limited,Annual Ratio Analysis - ROE, , , , , , , , , , , , , , , , , ,5.89%,8.61%,8.17%,8.55%,10.30%,15.21%,13.44%,16.07%,9.87%, 
CWN,Crown Resorts Limited,Annual Profit and Loss - Operating Revenue, , , , , , , , , , , , , , , , , ,"1,908,509,000.00","2,027,400,000.00","2,194,900,000.00","2,331,121,000.00","2,400,254,000.00","2,792,721,000.00","2,878,440,000.00","3,077,136,000.00","3,433,899,000.00", 
CWN,Crown Resorts Limited,Annual Profit and Loss - Reported NPAT After Abnorma, , , , , , , , , , , , , , , , , ,"1,980,231,000.00","3,563,219,000.00","-1,197,904,000.00","292,293,000.00","335,855,000.00","513,325,000.00","395,787,000.00","655,763,000.00","378,307,000.00", 
CWN,Crown Resorts Limited,Annual Balance Sheet - Total Equity, , , , , , , , , , , , , , , , , ,"5,865,284,000.00","4,298,131,000.00","3,436,330,000.00","3,419,305,000.00","3,260,360,000.00","3,374,750,000.00","3,652,601,000.00","3,981,661,000.00","4,609,000,000.00", 
CWN,Crown Resorts Limited,Annual Balance Sheet - Total Assets, , , , , , , , , , , , , , , , , ,"7,179,692,000.00","7,532,326,000.00","5,290,955,000.00","4,969,121,000.00","5,023,775,000.00","5,872,530,000.00","6,009,645,000.00","6,568,531,000.00","8,437,351,000.00", 
DMP,Domino's Pizza Enterprises Limited,Annual Ratio Analysis - ROE, , , , , , , , , , , , , , , ,14.64%,23.11%,13.59%,14.93%,16.18%,17.75%,20.43%,23.01%,29.69%,17.62%,21.00%, 
DMP,Domino's Pizza Enterprises Limited,Annual Profit and Loss - Operating Revenue, , , , , , , , , , , , , , , ,"100,356,000.00","127,859,000.00","203,952,000.00","193,046,000.00","195,928,000.00","193,619,000.00","201,042,000.00","215,786,000.00","244,730,000.00","481,091,000.00","573,812,000.00", 
DMP,Domino's Pizza Enterprises Limited,Annual Profit and Loss - Reported NPAT After Abnorma, , , , , , , , , , , , , , , ,"6,757,000.00","13,044,000.00","9,129,000.00","11,834,000.00","15,353,000.00","17,814,000.00","21,435,000.00","26,936,000.00","28,657,000.00","45,296,000.00","68,421,000.00", 
DMP,Domino's Pizza Enterprises Limited,Annual Balance Sheet - Total Equity, , , , , , , , , , , , , , , ,"46,147,000.00","56,439,000.00","67,154,000.00","79,254,000.00","94,905,000.00","100,347,000.00","104,916,000.00","117,041,000.00","102,582,000.00","259,389,000.00","305,056,000.00", 
DMP,Domino's Pizza Enterprises Limited,Annual Balance Sheet - Total Assets, , , , , , , , , , , , , , , ,"78,517,000.00","106,028,000.00","131,584,000.00","142,157,000.00","149,260,000.00","148,674,000.00","160,154,000.00","175,319,000.00","189,751,000.00","559,008,000.00","630,600,000.00", 
DNA,Donaco International Limited,Annual Ratio Analysis - ROE, , , , , , , , , , , , , , ,-5.84%,-6.78%,-22.59%,-44.88%,-49.89%,-105.63%,-585.54%,"-4,430.85%",-224.92%,14.52%,3.53%,-1.86%, 
DNA,Donaco International Limited,Annual Profit and Loss - Operating Revenue, , , , , , , , , , , , , , ,"63,000.00","572,299.00","1,067,960.00","1,288,728.00","1,079,523.00","1,418,105.00","1,656,081.00","1,567,651.00","1,349,238.00","15,671,759.00","20,165,611.00","17,069,618.00", 
DNA,Donaco International Limited,Annual Profit and Loss - Reported NPAT After Abnorma, , , , , , , , , , , , , , ,"-2,004,000.00","-2,144,114.00","-15,015,023.00","-6,335,423.00","-4,211,885.00","-5,145,758.00","-3,049,998.00","-1,029,197.00","-1,287,657.00","9,043,236.00","8,270,082.00","-3,000,401.00", 
DNA,Donaco International Limited,Annual Balance Sheet - Total Equity, , , , , , , , , , , , , , ,"34,328,000.00","31,622,754.00","16,979,310.00","10,777,759.00","6,855,756.00","2,537,149.00","520,889.00","23,228.00","572,492.00","52,002,457.00","149,236,463.00","277,371,050.00", 
DNA,Donaco International Limited,Annual Balance Sheet - Total Assets, , , , , , , , , , , , , , ,"35,460,000.00","32,274,173.00","17,748,880.00","11,691,409.00","7,550,052.00","3,171,854.00","1,003,032.00","435,102.00","997,397.00","69,173,964.00","181,868,133.00","310,319,309.00", 
DVI,Disruptive Investment Group Limited ,Annual Ratio Analysis - ROE, , , , , , , , , , , , , , ,0.00%,6.48%,564.54%,27.44%,27.15%,12.56%,-169.48%,0.82%,2.02%,-64.32%,-55.17%,-17.78%, 
DVI,Disruptive Investment Group Limited ,Annual Profit and Loss - Operating Revenue, , , , , , , , , , , , , , ,--,"6,461,398.00","9,124,355.00","11,311,055.00","32,001,244.00","44,871,286.00","57,760,544.00","4,337,841.00",0.00,0.00,"375,735.00","109,175.00", 
DVI,Disruptive Investment Group Limited ,Annual Profit and Loss - Reported NPAT After Abnorma, , , , , , , , , , , , , , ,0.00,"134,051.00","-2,717,368.00","1,986,740.00","5,705,343.00","2,944,327.00","-35,194,959.00","-29,791,438.00","-661,783.00","31,697,552.00","-1,039,802.00","-108,580.00", 
DVI,Disruptive Investment Group Limited ,Annual Balance Sheet - Total Equity, , , , , , , , , , , , , , ,"4,441,001.00","4,498,855.00","-481,346.00","7,241,619.00","21,012,920.00","35,316,292.00","4,715,255.00","-32,109,368.00","-32,771,150.00","983,594.00","1,884,754.00","5,477,827.00", 
DVI,Disruptive Investment Group Limited ,Annual Balance Sheet - Total Assets, , , , , , , , , , , , , , ,"6,424,181.00","6,171,113.00","2,595,300.00","13,084,195.00","47,750,774.00","69,456,809.00","46,672,719.00","1,007,958.00","346,176.00","1,144,972.00","2,136,075.00","5,743,403.00", 
EBG,Eumundi Group Limited,Annual Ratio Analysis - ROE,-22.87%,-75.23%,345.48%,30.91%,19.04%,2.51%,10.04%,-11.84%,-150.65%,10.08%,8.97%,6.62%,2.22%,3.56%,-6.64%,4.82%,18.12%,8.90%,7.16%,10.26%,20.17%,-2.53%,-8.23%,-7.60%,12.19%,7.85%, 
EBG,Eumundi Group Limited,Annual Profit and Loss - Operating Revenue,"3,700,000.00","3,631,000.00","3,468,000.00","3,754,000.00","4,046,000.00","4,234,000.00","3,571,969.00","7,872,762.00","9,381,444.00","9,622,286.00","9,952,576.00","12,256,438.00","10,358,247.00","11,702,412.00","13,688,000.00","13,411,000.00","11,077,000.00","12,227,000.00","13,626,000.00","18,000,000.00","15,085,000.00","13,596,000.00","14,283,000.00","16,042,000.00","19,216,000.00","18,607,000.00", 
EBG,Eumundi Group Limited,Annual Profit and Loss - Reported NPAT After Abnorma,"-3,918,000.00","-11,058,000.00","-3,433,000.00","-183,000.00","93,000.00","-523,000.00","-115,674.00","300,867.00","617,869.00","1,920,415.00","592,000.00","523,989.00","111,363.00","185,045.00","-836,000.00","1,647,000.00","4,211,000.00","2,427,000.00","1,863,000.00","-4,228,000.00","-3,482,000.00","1,854,000.00","178,000.00","-1,285,000.00","3,166,000.00","2,298,000.00", 
EBG,Eumundi Group Limited,Annual Balance Sheet - Total Equity,"14,082,000.00","3,024,000.00","-409,000.00","-592,000.00","-499,000.00","-1,037,000.00","-1,152,632.00","-851,765.00","-233,896.00","1,686,519.00","4,371,383.00","4,895,372.00","5,006,735.00","5,191,780.00","12,590,000.00","18,222,000.00","23,238,000.00","27,279,000.00","26,131,000.00","20,026,000.00","12,553,000.00","17,520,000.00","17,693,000.00","16,912,000.00","25,982,000.00","28,626,000.00", 
EBG,Eumundi Group Limited,Annual Balance Sheet - Total Assets,"17,374,000.00","8,128,000.00","5,045,000.00","4,551,000.00","2,281,000.00","1,871,000.00","1,754,061.00","7,324,073.00","7,585,218.00","9,228,107.00","9,649,153.00","9,423,468.00","9,272,898.00","9,553,504.00","46,839,000.00","45,652,000.00","43,732,000.00","63,877,000.00","69,984,000.00","65,757,000.00","55,843,000.00","55,684,000.00","51,719,000.00","50,904,000.00","52,888,000.00","41,506,000.00", 
ENN,Elanor Investor Group,Annual Ratio Analysis - ROE, , , , , , , , , , , , , , , , , , , , , , , , ,0.00%,2.79%, 
ENN,Elanor Investor Group,Annual Profit and Loss - Operating Revenue, , , , , , , , , , , , , , , , , , , , , , , , ,--,--, 
ENN,Elanor Investor Group,Annual Profit and Loss - Reported NPAT After Abnorma, , , , , , , , , , , , , , , , , , , , , , , , ,0.00,"2,720,000.00", 
ENN,Elanor Investor Group,Annual Balance Sheet - Total Equity, , , , , , , , , , , , , , , , , , , , , , , , ,"67,600,000.00","97,437,000.00", 
ENN,Elanor Investor Group,Annual Balance Sheet - Total Assets, , , , , , , , , , , , , , , , , , , , , , , , ,"91,700,000.00","135,650,000.00", 
EVO,Evolve Education Group Limited,Annual Ratio Analysis - ROE, , , , , , , , , , , , , , , , , , , , , , , , ,0.00%,-1.76%,11.02%
EVO,Evolve Education Group Limited,Annual Profit and Loss - Operating Revenue, , , , , , , , , , , , , , , , , , , , , , , , ,--,"32,940,000.00","123,764,864.00"
EVO,Evolve Education Group Limited,Annual Profit and Loss - Reported NPAT After Abnorma, , , , , , , , , , , , , , , , , , , , , , , , ,0.00,"-8,058,000.00","14,091,891.00"
EVO,Evolve Education Group Limited,Annual Balance Sheet - Total Equity, , , , , , , , , , , , , , , , , , , , , , , , ,"133,501,342.00","148,868,000.00","144,804,504.00"
EVO,Evolve Education Group Limited,Annual Balance Sheet - Total Assets, , , , , , , , , , , , , , , , , , , , , , , , ,"170,836,168.00","181,247,000.00","215,033,333.00"
FLT,Flight Centre Travel Group Limited,Annual Ratio Analysis - ROE, , , , , , ,44.60%,42.38%,41.01%,40.65%,41.23%,32.65%,26.28%,19.05%,19.81%,17.53%,19.45%,21.81%,23.67%,15.98%,19.68%,23.21%,23.34%,23.98%,23.65%,20.20%, 
FLT,Flight Centre Travel Group Limited,Annual Profit and Loss - Operating Revenue, , , , , , ,"968,796,992.00","1,232,146,952.00","1,507,787,992.00","1,832,814,992.00","2,399,127,000.00","3,008,248,000.00","469,524,000.00","605,912,000.00","774,295,000.00","870,250,000.00","246,341,000.00","1,120,434,000.00","1,407,484,000.00","1,672,787,000.00","1,763,182,000.00","1,816,881,000.00","1,982,879,000.00","1,944,557,000.00","2,207,450,000.00","2,363,090,000.00", 
FLT,Flight Centre Travel Group Limited,Annual Profit and Loss - Reported NPAT After Abnorma, , , , , , ,"11,910,000.00","13,997,000.00","17,683,000.00","28,522,000.00","40,258,000.00","42,853,000.00","62,010,000.00","70,020,000.00","81,927,000.00","67,908,000.00","79,910,000.00","120,824,000.00","143,154,000.00","38,164,000.00","139,868,000.00","139,810,000.00","200,066,000.00","246,082,000.00","206,918,000.00","256,553,000.00", 
FLT,Flight Centre Travel Group Limited,Annual Balance Sheet - Total Equity, , , , , , ,"27,254,000.00","34,893,000.00","44,313,000.00","69,097,000.00","97,632,000.00","131,261,000.00","235,939,000.00","367,610,000.00","424,235,000.00","387,409,000.00","410,885,000.00","481,989,000.00","604,836,000.00","610,689,000.00","710,652,000.00","740,616,000.00","857,129,000.00","1,026,194,000.00","1,097,798,000.00","1,270,121,000.00", 
FLT,Flight Centre Travel Group Limited,Annual Balance Sheet - Total Assets, , , , , , ,"118,859,000.00","132,632,000.00","168,894,000.00","234,892,000.00","306,617,000.00","395,775,000.00","582,055,000.00","795,552,000.00","961,138,000.00","932,909,000.00","1,030,807,000.00","1,257,286,000.00","1,957,051,000.00","1,727,180,000.00","1,978,309,000.00","2,010,300,000.00","2,120,258,000.00","2,372,544,000.00","2,410,387,000.00","2,787,966,000.00", 
GEM,G8 Education Limited,Annual Ratio Analysis - ROE, , , , , , , , , , , , , , , , , ,-0.68%,-8.33%,-0.82%,6.69%,12.08%,10.82%,10.59%,11.16%,15.28%, 
GEM,G8 Education Limited,Annual Profit and Loss - Operating Revenue, , , , , , , , , , , , , , , , , ,"3,265,999.00","30,412,113.00","33,214,925.00","65,249,234.00","134,156,609.00","174,807,526.00","270,704,000.00","476,934,000.00","684,679,000.00", 
GEM,G8 Education Limited,Annual Profit and Loss - Reported NPAT After Abnorma, , , , , , , , , , , , , , , , , ,"-300,713.00","-11,619,410.00","-153,804.00","4,509,779.00","17,250,351.00","19,208,610.00","31,072,000.00","52,731,000.00","88,581,000.00", 
GEM,G8 Education Limited,Annual Balance Sheet - Total Equity, , , , , , , , , , , , , , , , , ,"30,696,922.00","18,969,253.00","18,766,099.00","67,395,685.00","115,164,091.00","182,307,582.00","304,786,000.00","542,009,000.00","602,785,000.00", 
GEM,G8 Education Limited,Annual Balance Sheet - Total Assets, , , , , , , , , , , , , , , , , ,"45,901,717.00","40,365,993.00","39,598,400.00","98,368,024.00","188,831,933.00","269,242,142.00","481,966,000.00","1,002,795,000.00","1,234,189,000.00", 
HLO,Helloworld Limited ,Annual Ratio Analysis - ROE, , , , , , , , , , ,0.00%,-13.03%,-1.62%,-5.89%,29.12%,34.22%,40.46%,45.34%,52.17%,8.07%,4.43%,3.48%,1.29%,6.59%,4.81%,4.29%, 
HLO,Helloworld Limited ,Annual Profit and Loss - Operating Revenue, , , , , , , , , , ,--,"64,472.00","8,299,835.00","22,153,573.00","26,642,000.00","100,743,000.00","114,954,000.00","125,876,000.00","134,795,000.00",0.00,0.00,"334,177,000.00","352,850,000.00","326,517,000.00","286,492,000.00","274,199,000.00", 
HLO,Helloworld Limited ,Annual Profit and Loss - Reported NPAT After Abnorma, , , , , , , , , , ,0.00,"-524,315.00","-750,336.00","-572,067.00","3,989,000.00","5,688,000.00","8,967,000.00","13,029,000.00","15,296,000.00","15,767,000.00","8,733,000.00","19,243,000.00","5,572,000.00","16,695,000.00","-63,243,000.00","-201,111,000.00", 
HLO,Helloworld Limited ,Annual Balance Sheet - Total Equity, , , , , , , , , , ,"3,700,115.00","4,024,539.00","9,263,955.00","9,709,843.00","13,699,000.00","16,621,000.00","22,162,000.00","28,736,000.00","32,967,000.00","195,383,000.00","196,918,000.00","436,558,000.00","422,400,000.00","441,152,000.00","376,988,000.00","177,476,000.00", 
HLO,Helloworld Limited ,Annual Balance Sheet - Total Assets, , , , , , , , , , ,"3,700,115.00","4,165,320.00","17,876,257.00","18,067,526.00","23,946,000.00","38,012,000.00","48,036,000.00","62,363,000.00","60,902,000.00","363,555,000.00","358,578,000.00","813,085,000.00","796,894,000.00","809,678,000.00","683,239,000.00","471,096,000.00", 
IB8,iBosses Corporation Limited,Annual Ratio Analysis - ROE, , , , , , , , , , , , , , , , , , , , , , , , , ,0.00%,14.81%
IB8,iBosses Corporation Limited,Annual Profit and Loss - Operating Revenue, , , , , , , , , , , , , , , , , , , , , , , , , ,--,"1,102,318.00"
IB8,iBosses Corporation Limited,Annual Profit and Loss - Reported NPAT After Abnorma, , , , , , , , , , , , , , , , , , , , , , , , , ,0.00,"412,695.00"
IB8,iBosses Corporation Limited,Annual Balance Sheet - Total Equity, , , , , , , , , , , , , , , , , , , , , , , , , ,"4,377,788.00","2,786,578.00"
IB8,iBosses Corporation Limited,Annual Balance Sheet - Total Assets, , , , , , , , , , , , , , , , , , , , , , , , , ,"5,839,244.00","3,558,010.00"
ICT,iCollege Limited,Annual Ratio Analysis - ROE,4.32%,10.76%,16.53%,16.52%,17.18%,19.59%,27.18%,21.32%,12.34%,13.11%,10.66%,17.80%,17.64%, , , , , , ,-16.04%,-116.97%,-66.91%,164.85%,551.77%,-14.20%,-45.65%, 
ICT,iCollege Limited,Annual Profit and Loss - Operating Revenue,"658,500,000.00","638,385,000.00","634,295,000.00","633,432,000.00","667,203,000.00","796,179,000.00","945,368,000.00","1,003,689,000.00","954,673,000.00","1,002,574,000.00","949,111,000.00","1,002,379,000.00","956,165,000.00", , , , , , ,"123,460.00","632,056.00","325,904.00","61,558.00","202,565.00","3,000.00","623,636.00", 
ICT,iCollege Limited,Annual Profit and Loss - Reported NPAT After Abnorma,"6,671,000.00","17,639,000.00","32,341,000.00","32,004,000.00","29,969,000.00","44,662,000.00","68,539,000.00","61,836,000.00","46,100,000.00","35,174,000.00","42,382,000.00","93,690,000.00","70,687,000.00", , , , , , ,"-260,044.00","-4,738,131.00","-2,412,894.00","-9,733,767.00","5,218,306.00","-747,917.00","-2,257,894.00", 
ICT,iCollege Limited,Annual Balance Sheet - Total Equity,"179,297,000.00","181,447,000.00","189,945,000.00","194,579,000.00","174,893,000.00","237,998,000.00","257,511,000.00","279,674,000.00","326,801,000.00","336,459,000.00","375,890,000.00","449,369,000.00","461,656,000.00", , , , , , ,"1,621,337.00","4,050,643.00","3,539,276.00","-5,904,527.00","945,742.00","5,266,188.00","4,943,071.00", 
ICT,iCollege Limited,Annual Balance Sheet - Total Assets,"445,367,000.00","395,072,000.00","383,883,000.00","371,874,000.00","400,511,000.00","482,454,000.00","526,826,000.00","556,579,000.00","635,526,000.00","620,576,000.00","670,649,000.00","695,155,000.00","690,027,000.00", , , , , , ,"5,894,794.00","7,632,288.00","8,401,126.00","61,987.00","990,798.00","5,456,137.00","9,996,389.00", 
IDZ,Indoor Skydive Australia Group Limited,Annual Ratio Analysis - ROE, , , , , , , , , , , , , , , , , , , , , , ,0.00%,-23.43%,-17.26%,-5.98%, 
IDZ,Indoor Skydive Australia Group Limited,Annual Profit and Loss - Operating Revenue, , , , , , , , , , , , , , , , , , , , , , ,--,0.00,"1,212,643.00","6,431,444.00", 
IDZ,Indoor Skydive Australia Group Limited,Annual Profit and Loss - Reported NPAT After Abnorma, , , , , , , , , , , , , , , , , , , , , , ,0.00,"-914,571.00","-2,714,016.00","-1,749,988.00", 
IDZ,Indoor Skydive Australia Group Limited,Annual Balance Sheet - Total Equity, , , , , , , , , , , , , , , , , , , , , , ,"12,518,959.00","5,853,803.00","15,726,864.00","29,240,040.00", 
IDZ,Indoor Skydive Australia Group Limited,Annual Balance Sheet - Total Assets, , , , , , , , , , , , , , , , , , , , , , ,"12,519,598.00","10,344,964.00","21,544,451.00","32,673,101.00", 
IEL,IDP Education Limited,Annual Ratio Analysis - ROE, , , , , , , , , , , , , , , , , , , , , , , , , ,0.00%, 
IEL,IDP Education Limited,Annual Profit and Loss - Operating Revenue, , , , , , , , , , , , , , , , , , , , , , , , , ,--, 
IEL,IDP Education Limited,Annual Profit and Loss - Reported NPAT After Abnorma, , , , , , , , , , , , , , , , , , , , , , , , , ,0.00, 
IEL,IDP Education Limited,Annual Balance Sheet - Total Equity, , , , , , , , , , , , , , , , , , , , , , , , , ,"86,800,000.00", 
IEL,IDP Education Limited,Annual Balance Sheet - Total Assets, , , , , , , , , , , , , , , , , , , , , , , , , ,"127,300,000.00", 
IQE,Intueri Education Group Limited,Annual Ratio Analysis - ROE, , , , , , , , , , , , , , , , , , , , , , , ,0.00%,6.40%,-190.24%, 
IQE,Intueri Education Group Limited,Annual Profit and Loss - Operating Revenue, , , , , , , , , , , , , , , , , , , , , , , ,--,"60,844,962.00","83,499,578.00", 
IQE,Intueri Education Group Limited,Annual Profit and Loss - Reported NPAT After Abnorma, , , , , , , , , , , , , , , , , , , , , , , ,0.00,"4,782,068.00","-45,511,390.00", 
IQE,Intueri Education Group Limited,Annual Balance Sheet - Total Equity, , , , , , , , , , , , , , , , , , , , , , , ,"20,091,920.00","83,830,051.00","-5,579,825.00", 
IQE,Intueri Education Group Limited,Annual Balance Sheet - Total Assets, , , , , , , , , , , , , , , , , , , , , , , ,"58,680,025.00","147,793,920.00","99,919,377.00", 
ISU,iSelect Limited,Annual Ratio Analysis - ROE, , , , , , , , , , , , , , , , , , , , , , ,0.00%,11.74%,2.65%,7.95%, 
ISU,iSelect Limited,Annual Profit and Loss - Operating Revenue, , , , , , , , , , , , , , , , , , , , , , ,--,"118,126,000.00","120,366,000.00","157,214,000.00", 
ISU,iSelect Limited,Annual Profit and Loss - Reported NPAT After Abnorma, , , , , , , , , , , , , , , , , , , , , , ,0.00,"13,369,000.00","6,263,000.00","9,638,000.00", 
ISU,iSelect Limited,Annual Balance Sheet - Total Equity, , , , , , , , , , , , , , , , , , , , , , ,"213,894,000.00","227,726,000.00","236,296,000.00","246,922,000.00", 
ISU,iSelect Limited,Annual Balance Sheet - Total Assets, , , , , , , , , , , , , , , , , , , , , , ,"246,623,000.00","274,261,000.00","284,492,000.00","307,247,000.00", 
ITQ,Intecq Limited,Annual Ratio Analysis - ROE, , , , , , , ,--,-6.66%,30.12%,-18.94%,-25.73%,-18.88%,-57.53%,1.28%,-4.48%,10.84%,5.04%,8.86%,8.14%,8.57%,10.29%,12.33%,22.21%,12.26%,22.36%, 
ITQ,Intecq Limited,Annual Profit and Loss - Operating Revenue, , , , , , , ,"1,052,000.00","1,174,000.00","952,246.00","2,194,000.00","5,674,000.00","9,101,000.00","12,330,000.00","16,352,000.00","16,630,000.00","19,123,000.00","21,018,000.00","28,886,000.00","24,713,000.00","27,813,000.00","32,347,000.00","40,984,000.00","42,393,000.00","40,135,000.00","50,968,000.00", 
ITQ,Intecq Limited,Annual Profit and Loss - Reported NPAT After Abnorma, , , , , , , ,"-1,443,000.00","-1,847,000.00","-1,100,912.00","-4,145,000.00","-7,833,000.00","-3,658,000.00","-12,848,000.00","-858,000.00","-606,000.00","1,747,000.00","857,000.00","-158,000.00","1,526,000.00","1,773,000.00","-5,939,000.00","2,027,000.00","4,810,000.00","2,909,000.00","8,932,000.00", 
ITQ,Intecq Limited,Annual Balance Sheet - Total Equity, , , , , , , ,--,"27,715,000.00","-3,654,481.00","20,750,000.00","22,099,000.00","19,370,000.00","8,870,000.00","10,227,000.00","13,534,000.00","16,123,000.00","17,006,000.00","17,188,000.00","18,751,000.00","20,684,000.00","14,941,000.00","16,436,000.00","21,657,000.00","23,723,000.00","39,954,000.00", 
ITQ,Intecq Limited,Annual Balance Sheet - Total Assets, , , , , , , ,--,"11,800,000.00","3,938,453.00","24,015,000.00","25,482,000.00","23,543,000.00","21,999,000.00","21,749,000.00","23,671,000.00","25,840,000.00","33,321,000.00","34,429,000.00","30,203,000.00","41,552,000.00","42,587,000.00","46,411,000.00","45,773,000.00","39,797,000.00","55,782,000.00", 
IVC,InvoCare Limited,Annual Ratio Analysis - ROE, , , , , , , , , , , ,--, ,9.23%,22.90%,76.14%,47.55%,45.92%,45.25%,43.48%,39.12%,19.09%,29.51%,28.84%,29.83%,25.78%, 
IVC,InvoCare Limited,Annual Profit and Loss - Operating Revenue, , , , , , , , , , , ,"126,089,000.00", ,"140,287,000.00","148,292,000.00","148,200,000.00","161,070,000.00","224,912,000.00","245,238,000.00","258,606,000.00","267,449,000.00","321,113,000.00","368,652,000.00","385,352,000.00","413,011,000.00","436,371,000.00", 
IVC,InvoCare Limited,Annual Profit and Loss - Reported NPAT After Abnorma, , , , , , , , , , , ,0.00, ,"11,683,000.00","17,145,000.00","20,188,000.00","24,137,000.00","27,651,000.00","28,094,000.00","33,280,000.00","27,460,000.00","27,115,000.00","44,582,000.00","48,999,000.00","54,627,000.00","54,969,000.00", 
IVC,InvoCare Limited,Annual Balance Sheet - Total Equity, , , , , , , , , , , ,--, ,"64,114,000.00","75,674,000.00","27,461,000.00","46,360,000.00","60,479,000.00","62,979,000.00","77,465,000.00","97,423,000.00","142,617,000.00","151,891,000.00","170,697,000.00","187,959,000.00","203,438,000.00", 
IVC,InvoCare Limited,Annual Balance Sheet - Total Assets, , , , , , , , , , , ,--, ,"291,067,000.00","279,033,000.00","279,304,000.00","309,714,000.00","332,369,000.00","340,380,000.00","341,895,000.00","635,457,000.00","806,417,000.00","862,150,000.00","916,567,000.00","965,253,000.00","1,008,609,000.00", 
JIN,Jumbo Interactive Limited,Annual Ratio Analysis - ROE,10.16%,-105.86%,-56.97%,45.38%,20.86%,-269.46%,135.46%,65.13%,-48.19%,"21,609.61%",-195.04%,-60.94%,-80.01%,14.68%,23.35%,15.92%,10.10%,-4.78%,23.04%,20.25%,-90.07%,48.93%,35.81%,14.54%,14.05%,3.06%, 
JIN,Jumbo Interactive Limited,Annual Profit and Loss - Operating Revenue,"9,286,000.00","6,987,000.00","9,440,000.00","4,729,000.00","2,042,000.00","200,000.00","1,329,000.00","850,000.00","8,499.00","4,374.00","156,259.00","510,220.00","976,609.00","1,191,338.00","7,626,444.00","7,143,414.00","16,259,556.00","17,638,839.00","37,566,932.00","58,394,649.00","74,832,960.00","75,946,130.00","24,087,742.00","25,269,815.00","24,133,876.00","29,199,753.00", 
JIN,Jumbo Interactive Limited,Annual Profit and Loss - Reported NPAT After Abnorma,"-480,000.00","668,000.00","229,000.00","-334,000.00","-194,000.00","1,169,000.00","-913,000.00","-1,259,000.00","-197,841.00","-1,095,607.00","-15,392,768.00","-744,244.00","-592,451.00","111,797.00","289,705.00","630,371.00","786,973.00","-739,790.00","2,730,526.00","2,957,335.00","-7,311,048.00","4,834,455.00","6,743,525.00","2,982,157.00","2,784,958.00","663,261.00", 
JIN,Jumbo Interactive Limited,Annual Balance Sheet - Total Equity,"-1,299,000.00","-631,000.00","-402,000.00","-736,000.00","-930,000.00","239,000.00","-674,000.00","-1,933,000.00","410,537.00","-5,070.00","1,187,612.00","403,033.00","-41,036.00","580,930.00","1,240,634.00","3,958,756.00","7,788,984.00","6,843,739.00","11,851,376.00","14,237,136.00","6,380,325.00","10,081,974.00","18,083,709.00","20,509,225.00","19,817,537.00","21,680,753.00", 
JIN,Jumbo Interactive Limited,Annual Balance Sheet - Total Assets,"10,120,000.00","16,081,000.00","17,852,000.00","15,135,000.00","18,190,000.00","24,602,000.00","17,485,000.00","15,611,000.00","586,849.00","519,629.00","1,723,901.00","1,069,364.00","946,748.00","1,737,667.00","3,427,650.00","11,508,994.00","12,281,378.00","10,115,925.00","19,212,480.00","27,025,697.00","18,688,145.00","19,528,541.00","29,723,798.00","34,734,386.00","34,602,982.00","35,312,427.00", 
KME,Kip McGrath Education Centres Limited,Annual Ratio Analysis - ROE, , , , , , , , , , , , , ,9.80%,15.86%,11.75%,16.28%,12.11%,-101.89%,39.66%,4.32%,-17.07%,3.12%,6.49%,9.13%,11.90%, 
KME,Kip McGrath Education Centres Limited,Annual Profit and Loss - Operating Revenue, , , , , , , , , , , , , ,"2,245,423.00","3,612,657.00","3,636,891.00","3,473,829.00","3,043,644.00","120,346.00","6,365,048.00","6,188,000.00","6,429,000.00","7,909,000.00","9,642,000.00","12,518,000.00","14,731,000.00", 
KME,Kip McGrath Education Centres Limited,Annual Profit and Loss - Reported NPAT After Abnorma, , , , , , , , , , , , , ,"529,638.00","1,009,565.00","526,199.00","1,066,154.00","816,582.00","-5,440,126.00","3,292,005.00","362,000.00","-3,457,000.00","168,000.00","374,000.00","732,000.00","1,079,000.00", 
KME,Kip McGrath Education Centres Limited,Annual Balance Sheet - Total Equity, , , , , , , , , , , , , ,"5,404,761.00","6,367,209.00","6,153,084.00","6,611,565.00","10,936,471.00","5,100,745.00","8,494,979.00","8,373,000.00","4,990,000.00","5,384,000.00","5,764,000.00","8,018,000.00","9,070,000.00", 
KME,Kip McGrath Education Centres Limited,Annual Balance Sheet - Total Assets, , , , , , , , , , , , , ,"7,314,945.00","8,476,262.00","7,610,369.00","8,338,852.00","17,553,370.00","13,183,235.00","13,957,043.00","14,348,000.00","11,503,000.00","12,376,000.00","12,419,000.00","13,814,000.00","14,802,000.00", 
LFC,Life Corporation Ltd,Annual Ratio Analysis - ROE, , , , , , , , , , , , ,--,--,-0.70%,-13.53%,-13.94%,-17.91%,-0.56%,5.36%,4.00%,-90.34%,-79.54%,-19.70%,-26.99%,18.94%, 
LFC,Life Corporation Ltd,Annual Profit and Loss - Operating Revenue, , , , , , , , , , , , ,"385,491.00","1,358,636.00","45,781.00","2,201,000.00","7,033,000.00","5,618,000.00","14,149,000.00","23,501,000.00","24,628,000.00","4,409,000.00","6,925,000.00","8,961,000.00","1,881,000.00","3,010,638.00", 
LFC,Life Corporation Ltd,Annual Profit and Loss - Reported NPAT After Abnorma, , , , , , , , , , , , ,"-4,606,062.00","-6,442,882.00","-449,048.00","-7,801,000.00","-7,179,000.00","-20,967,000.00","-125,000.00","4,494,000.00","2,354,000.00","-35,192,000.00","-7,782,000.00","-1,371,000.00","-2,637,000.00","-5,342,359.00", 
LFC,Life Corporation Ltd,Annual Balance Sheet - Total Equity, , , , , , , , , , , , ,--,--,"64,501,880.00","56,966,000.00","47,642,000.00","30,484,000.00","46,960,000.00","53,535,000.00","59,007,000.00","9,960,000.00","9,270,000.00","8,325,000.00","8,380,000.00","4,147,001.00", 
LFC,Life Corporation Ltd,Annual Balance Sheet - Total Assets, , , , , , , , , , , , ,--,--,"69,262,446.00","60,589,000.00","54,224,000.00","35,536,000.00","52,759,000.00","64,043,000.00","78,180,000.00","17,388,000.00","15,101,000.00","9,947,000.00","10,073,000.00","8,823,017.00", 
MTR,Mantra Group Limited,Annual Ratio Analysis - ROE, , , ,-0.49%,-4.61%,-7.19%,-9.45%,-46.53%,-58.31%,-101.30%,-44.07%,-47.51%,-74.88%,-32.91%,-56.16%, , , , , , , , , ,-0.13%,10.72%, 
MTR,Mantra Group Limited,Annual Profit and Loss - Operating Revenue, , , ,--,"7,000.00","6,000.00","4,757.00","4,933.00","1,755.00","2,302.00",0.00,0.00,"406,020.00","163,047.00","314,002.00", , , , , , , , , ,"427,380,000.00","466,351,000.00", 
MTR,Mantra Group Limited,Annual Profit and Loss - Reported NPAT After Abnorma, , , ,"-69,000.00","-1,060,000.00","-1,542,000.00","-1,852,578.00","-13,253,427.00","-3,028,845.00","-3,519,812.00","-2,191,000.00","-1,617,257.00","-2,602,850.00","-2,730,275.00","-2,724,717.00", , , , , , , , , ,"-323,000.00","36,158,000.00", 
MTR,Mantra Group Limited,Annual Balance Sheet - Total Equity, , , ,"14,051,000.00","22,978,000.00","21,436,000.00","19,601,070.00","6,347,642.00","3,318,798.00","3,013,986.00","4,971,406.00","3,404,149.00","3,476,025.00","7,497,727.00","4,851,810.00", , , , , , , , , ,"257,040,000.00","337,389,000.00", 
MTR,Mantra Group Limited,Annual Balance Sheet - Total Assets, , , ,"15,024,000.00","23,071,000.00","21,658,000.00","19,742,466.00","8,450,297.00","3,493,494.00","3,178,805.00","5,331,023.00","3,951,754.00","3,741,052.00","8,515,464.00","5,447,753.00", , , , , , , , , ,"516,035,000.00","601,347,000.00", 
NHH,Newhaven Hotels Limited,Annual Ratio Analysis - ROE,3.34%,1.83%,4.52%,2.01%,4.15%,2.98%,7.18%,8.03%,6.69%,4.14%,5.47%,2.54%,4.77%,10.52%,0.71%,3.51%,5.09%,4.76%,4.21%,5.01%,6.22%,6.36%,4.96%,3.07%,7.50%,3.35%, 
NHH,Newhaven Hotels Limited,Annual Profit and Loss - Operating Revenue,"4,253,000.00","2,833,000.00","5,299,000.00","5,541,000.00","9,852,000.00","11,832,000.00","13,733,285.00","14,439,291.00","17,309,296.00","21,132,312.00","22,635,756.00","19,881,184.00","22,055,401.00","22,050,471.00","19,979,614.00","17,514,443.00","16,151,061.00","23,644,982.00","22,769,659.00","21,335,485.00","21,313,574.00","21,647,559.00","23,360,464.00","25,021,009.00","20,865,258.00","9,595,333.00", 
NHH,Newhaven Hotels Limited,Annual Profit and Loss - Reported NPAT After Abnorma,"1,098,000.00","-73,000.00","1,167,000.00","-4,725,000.00","867,000.00","605,000.00","1,214,687.00","4,533,355.00","2,342,906.00","1,764,845.00","2,024,909.00","849,000.00","1,731,844.00","-276,179.00","280,859.00","1,517,734.00","1,526,412.00","1,660,296.00","1,323,099.00","1,178,541.00","1,465,000.00","1,509,759.00","1,130,046.00","698,022.00","1,797,713.00","1,139,597.00", 
NHH,Newhaven Hotels Limited,Annual Balance Sheet - Total Equity,"32,919,000.00","28,686,000.00","27,782,000.00","22,842,000.00","24,493,000.00","24,783,000.00","24,158,501.00","27,402,305.00","34,421,447.00","34,466,891.00","34,342,547.00","33,472,204.00","36,310,635.00","37,952,272.00","39,786,307.00","41,720,982.00","29,990,798.00","34,856,796.00","31,437,513.00","23,507,679.00","23,559,152.00","23,747,467.00","22,763,217.00","22,709,397.00","26,985,998.00","27,257,406.00", 
NHH,Newhaven Hotels Limited,Annual Balance Sheet - Total Assets,"37,128,000.00","30,238,000.00","33,209,000.00","28,804,000.00","38,185,000.00","40,201,000.00","36,527,059.00","38,617,601.00","53,156,070.00","61,713,445.00","60,636,841.00","58,131,988.00","61,882,024.00","63,412,132.00","62,107,967.00","63,872,553.00","62,324,694.00","85,048,669.00","79,880,325.00","68,304,306.00","67,751,743.00","67,598,837.00","74,038,017.00","74,721,122.00","77,304,488.00","53,165,278.00", 
NVT,Navitas Limited,Annual Ratio Analysis - ROE, , , , , , , , , , , , , , ,0.00%,21.66%,23.72%,32.53%,40.26%,49.99%,60.95%,28.76%,31.20%,31.45%,38.22%,43.34%, 
NVT,Navitas Limited,Annual Profit and Loss - Operating Revenue, , , , , , , , , , , , , , ,--,"87,262,000.00","222,653,000.00","270,808,000.00","334,755,000.00","460,411,000.00","545,669,000.00","641,826,000.00","688,146,000.00","729,561,000.00","875,973,000.00","978,141,000.00", 
NVT,Navitas Limited,Annual Profit and Loss - Reported NPAT After Abnorma, , , , , , , , , , , , , , ,0.00,"28,909,000.00","31,274,000.00","32,401,000.00","38,015,000.00","48,197,000.00","62,813,000.00","77,234,000.00","73,620,000.00","75,051,000.00","50,802,000.00","72,111,000.00", 
NVT,Navitas Limited,Annual Balance Sheet - Total Equity, , , , , , , , , , , , , , ,"75,502,359.00","134,135,000.00","132,121,000.00","99,299,000.00","93,980,000.00","98,576,000.00","103,446,000.00","239,213,000.00","233,560,000.00","235,747,000.00","211,709,000.00","206,667,000.00", 
NVT,Navitas Limited,Annual Balance Sheet - Total Assets, , , , , , , , , , , , , , ,"104,153,356.00","189,384,000.00","228,880,000.00","217,021,000.00","255,857,000.00","317,230,000.00","368,011,000.00","653,784,000.00","636,890,000.00","722,070,000.00","731,331,000.00","777,705,000.00", 
RCT,Reef Casino Trust,Annual Ratio Analysis - ROE, , , , ,0.00%,0.00%,-4.92%,-20.18%,19.41%,1.49%,17.19%,9.86%,9.80%,11.89%,10.48%,36.47%,40.11%,14.21%,17.29%,93.07%,67.19%,99.01%,85.50%,96.84%,43.14%,55.53%, 
RCT,Reef Casino Trust,Annual Profit and Loss - Operating Revenue, , , , ,--,--,0.00,0.00,0.00,0.00,0.00,0.00,0.00,0.00,0.00,"22,501,000.00","25,000.00","2,795,000.00","39,000.00",0.00,"53,000.00","52,000.00",0.00,0.00,0.00,"24,897,000.00", 
RCT,Reef Casino Trust,Annual Profit and Loss - Reported NPAT After Abnorma, , , , ,0.00,0.00,"-26,796,000.00","-16,895,000.00","-113,492,000.00","-449,000.00","3,999,000.00","42,650,000.00","8,358,000.00","11,108,000.00","41,911,000.00","3,696,000.00","6,741,000.00","7,793,000.00","6,088,000.00","6,408,000.00","3,828,000.00","5,819,000.00","5,409,000.00","6,962,000.00","6,032,000.00","7,480,000.00", 
RCT,Reef Casino Trust,Annual Balance Sheet - Total Equity, , , , ,"32,680,000.00","69,540,000.00","100,634,000.00","83,739,000.00","-29,753,008.00","-30,202,000.00","46,518,000.00","83,068,000.00","85,329,000.00","93,449,000.00","128,138,000.00","32,723,000.00","33,610,000.00","70,703,000.00","70,408,000.00","13,771,000.00","11,395,000.00","11,754,000.00","12,652,000.00","14,378,000.00","13,984,000.00","13,469,000.00", 
RCT,Reef Casino Trust,Annual Balance Sheet - Total Assets, , , , ,"33,920,000.00","87,801,000.00","204,782,000.00","188,926,000.00","75,281,000.00","75,413,000.00","80,785,000.00","117,502,000.00","113,806,000.00","115,893,000.00","148,582,000.00","139,031,000.00","139,758,000.00","176,887,000.00","177,724,000.00","115,031,000.00","112,600,000.00","112,116,000.00","111,007,000.00","111,010,000.00","107,166,000.00","106,109,000.00", 
RDH,RedHill Education Limited,Annual Ratio Analysis - ROE, , , , , , , , , , , , , , , , , , , , ,0.00%,-12.53%,-125.83%,-15.11%,45.19%,13.41%, 
RDH,RedHill Education Limited,Annual Profit and Loss - Operating Revenue, , , , , , , , , , , , , , , , , , , , ,--,"12,238,881.00","12,495,000.00","13,709,000.00","19,117,000.00","22,651,000.00", 
RDH,RedHill Education Limited,Annual Profit and Loss - Reported NPAT After Abnorma, , , , , , , , , , , , , , , , , , , , ,0.00,"-1,890,955.00","-8,383,000.00","-874,000.00","4,816,000.00","1,652,000.00", 
RDH,RedHill Education Limited,Annual Balance Sheet - Total Equity, , , , , , , , , , , , , , , , , , , , ,"16,520,000.00","15,089,140.00","6,662,000.00","5,786,000.00","10,658,000.00","12,316,000.00", 
RDH,RedHill Education Limited,Annual Balance Sheet - Total Assets, , , , , , , , , , , , , , , , , , , , ,"26,362,000.00","24,595,810.00","15,045,000.00","14,554,000.00","21,268,000.00","23,606,000.00", 
RFG,Retail Food Group Limited,Annual Ratio Analysis - ROE, , , , , , , , , , , , , , , , ,21.48%,20.46%,16.27%,21.84%,19.13%,17.94%,16.82%,13.31%,11.89%,13.44%, 
RFG,Retail Food Group Limited,Annual Profit and Loss - Operating Revenue, , , , , , , , , , , , , , , , ,"25,790,000.00","29,437,000.00","123,722,000.00","142,459,000.00","133,833,000.00","125,310,000.00","116,143,000.00","140,666,000.00","168,147,000.00","246,846,000.00", 
RFG,Retail Food Group Limited,Annual Profit and Loss - Reported NPAT After Abnorma, , , , , , , , , , , , , , , , ,"5,936,000.00","7,520,000.00","17,633,000.00","23,519,000.00","26,019,000.00","27,224,000.00","28,546,000.00","32,006,000.00","36,861,000.00","34,219,000.00", 
RFG,Retail Food Group Limited,Annual Balance Sheet - Total Equity, , , , , , , , , , , , , , , , ,"29,995,000.00","36,754,000.00","94,639,000.00","107,016,000.00","138,805,000.00","156,849,000.00","169,682,000.00","240,459,000.00","310,043,000.00","403,782,000.00", 
RFG,Retail Food Group Limited,Annual Balance Sheet - Total Assets, , , , , , , , , , , , , , , , ,"50,593,000.00","77,576,000.00","229,040,000.00","222,474,000.00","243,492,000.00","257,771,000.00","296,222,000.00","371,410,000.00","398,104,000.00","680,048,000.00", 
SGH,Slater & Gordon Limited,Annual Ratio Analysis - ROE, , , , , , , , , , , , , , , , , ,15.77%,17.73%,16.17%,13.52%,14.28%,12.78%,11.99%,15.07%,3.37%, 
SGH,Slater & Gordon Limited,Annual Profit and Loss - Operating Revenue, , , , , , , , , , , , , , , , , ,"62,466,000.00","77,915,000.00","101,398,000.00","122,907,000.00","179,685,000.00","215,514,000.00","295,062,000.00","411,813,000.00","560,138,000.00", 
SGH,Slater & Gordon Limited,Annual Profit and Loss - Reported NPAT After Abnorma, , , , , , , , , , , , , , , , , ,"10,655,000.00","15,104,000.00","17,047,000.00","19,800,000.00","27,908,000.00","24,992,000.00","41,910,000.00","61,105,000.00","83,803,000.00", 
SGH,Slater & Gordon Limited,Annual Balance Sheet - Total Equity, , , , , , , , , , , , , , , , , ,"67,549,000.00","85,200,000.00","105,404,000.00","146,493,000.00","195,417,000.00","243,306,000.00","349,521,000.00","423,080,000.00","1,434,993,000.00", 
SGH,Slater & Gordon Limited,Annual Balance Sheet - Total Assets, , , , , , , , , , , , , , , , , ,"122,738,000.00","164,003,000.00","206,915,000.00","270,322,000.00","378,410,000.00","525,420,000.00","598,779,000.00","895,378,000.00","3,057,021,000.00", 
SGR,The Star Entertainment Group Limited,Annual Ratio Analysis - ROE, , , , , , , , , , , , , , , , , , , , ,0.00%,9.50%,4.13%,3.94%,4.38%,5.70%, 
SGR,The Star Entertainment Group Limited,Annual Profit and Loss - Operating Revenue, , , , , , , , , , , , , , , , , , , , ,--,"1,648,400,000.00","1,541,700,000.00","1,737,900,000.00","1,805,700,000.00","2,140,300,000.00", 
SGR,The Star Entertainment Group Limited,Annual Profit and Loss - Reported NPAT After Abnorma, , , , , , , , , , , , , , , , , , , , ,0.00,"226,000,000.00","42,200,000.00","83,500,000.00","106,300,000.00","169,300,000.00", 
SGR,The Star Entertainment Group Limited,Annual Balance Sheet - Total Equity, , , , , , , , , , , , , , , , , , , , ,"2,172,000,000.00","2,378,000,000.00","2,817,000,000.00","2,862,600,000.00","2,931,600,000.00","3,035,400,000.00", 
SGR,The Star Entertainment Group Limited,Annual Balance Sheet - Total Assets, , , , , , , , , , , , , , , , , , , , ,"3,636,000,000.00","3,891,500,000.00","4,682,100,000.00","4,345,600,000.00","4,218,200,000.00","4,391,400,000.00", 
SGU,Success Global Media Limited,Annual Ratio Analysis - ROE, , , , , , , , , , , , , , , , ,-275.54%,17.32%,480.04%,-147.97%,263.36%,717.51%,89.68%,10.35%,320.35%,-69.27%, 
SGU,Success Global Media Limited,Annual Profit and Loss - Operating Revenue, , , , , , , , , , , , , , , , ,"6,706,808.00","7,826,352.00","6,245,459.00","1,989,888.00","505,626.00","297,914.00",778.00,"5,394,964.00","7,698,572.00","14,273,470.00", 
SGU,Success Global Media Limited,Annual Profit and Loss - Reported NPAT After Abnorma, , , , , , , , , , , , , , , , ,"-2,677,543.00","207,349.00","-1,448,645.00","-177,503.00","-394,161.00","-534,122.00","-646,703.00","692,216.00","-8,782,716.00","-6,605,837.00", 
SGU,Success Global Media Limited,Annual Balance Sheet - Total Equity, , , , , , , , , , , , , , , , ,"971,754.00","1,197,103.00","-301,774.00","252,213.00","-149,668.00","-74,441.00","-721,144.00","6,689,143.00","-2,093,573.00","3,148,377.00", 
SGU,Success Global Media Limited,Annual Balance Sheet - Total Assets, , , , , , , , , , , , , , , , ,"3,228,890.00","3,253,466.00","2,123,314.00","2,668,128.00","1,672,098.00","886,904.00","1,298,333.00","18,184,206.00","10,086,784.00","21,713,499.00", 
SHJ,Shine Corporate Ltd,Annual Ratio Analysis - ROE, , , , , , , , , , , , , , , , , , , , , , ,0.00%,33.94%,18.49%,17.61%, 
SHJ,Shine Corporate Ltd,Annual Profit and Loss - Operating Revenue, , , , , , , , , , , , , , , , , , , , , , ,--,"105,188,954.00","115,437,220.00","150,513,099.00", 
SHJ,Shine Corporate Ltd,Annual Profit and Loss - Reported NPAT After Abnorma, , , , , , , , , , , , , , , , , , , , , , ,0.00,"17,503,007.00","22,175,139.00","29,628,361.00", 
SHJ,Shine Corporate Ltd,Annual Balance Sheet - Total Equity, , , , , , , , , , , , , , , , , , , , , , ,"95,034,000.00","103,147,906.00","119,898,045.00","176,189,681.00", 
SHJ,Shine Corporate Ltd,Annual Balance Sheet - Total Assets, , , , , , , , , , , , , , , , , , , , , , ,"168,884,000.00","184,837,216.00","212,720,817.00","316,073,160.00", 
SIT,Site Group International Limited,Annual Ratio Analysis - ROE,0.19%,7.71%,7.20%,6.84%,4.40%,7.02%,-23.13%,4.46%,16.47%,12.20%,12.15%,-6.87%,1.68%,7.14%,9.67%,-2.57%,-6.19%,-31.13%,-2.67%,-97.22%,-6.67%,-256.56%,-149.22%,-56.77%,-29.11%,0.84%, 
SIT,Site Group International Limited,Annual Profit and Loss - Operating Revenue,"10,256,000.00","8,122,000.00","7,291,000.00","8,860,000.00","9,391,000.00","9,892,000.00","9,183,103.00","9,270,565.00","18,126,298.00","16,938,908.00","16,234,918.00","8,239,271.00","11,460,084.00","16,538,206.00","20,409,576.00","22,381,594.00","22,689,337.00","9,342,664.00","9,094,982.00","6,863,695.00",--,"1,892,084.00","3,635,663.00","12,602,679.00","16,981,545.00","38,885,720.00", 
SIT,Site Group International Limited,Annual Profit and Loss - Reported NPAT After Abnorma,"5,000.00","211,000.00","200,000.00","221,000.00","143,000.00","239,000.00","-809,810.00","137,836.00","549,409.00","454,866.00","499,065.00","-264,077.00","65,556.00","180,419.00","427,986.00","-214,057.00","-500,948.00","-1,921,467.00","-143,744.00","-2,310,718.00","-431,247.00","-9,899,904.00","-7,750,684.00","-5,821,405.00","-6,487,117.00","1,946,454.00", 
SIT,Site Group International Limited,Annual Balance Sheet - Total Equity,"2,682,000.00","2,735,000.00","2,777,000.00","3,230,000.00","3,253,000.00","3,404,000.00","2,600,980.00","3,088,816.00","3,334,885.00","3,729,083.00","4,106,812.00","3,842,735.00","3,908,291.00","4,088,710.00","4,425,697.00","8,334,534.00","8,093,920.00","6,172,929.00","5,375,774.00","2,376,764.00","750,000.00","3,858,730.00","5,194,012.00","10,254,097.00","22,282,364.00","27,879,467.00", 
SIT,Site Group International Limited,Annual Balance Sheet - Total Assets,"5,952,000.00","5,819,000.00","5,961,000.00","6,960,000.00","7,026,000.00","6,970,000.00","5,789,610.00","6,085,605.00","7,837,668.00","7,454,422.00","7,437,538.00","6,200,885.00","7,677,157.00","9,118,041.00","9,973,680.00","14,864,571.00","14,558,211.00","13,319,668.00","9,853,754.00","6,380,467.00","750,000.00","5,930,567.00","10,123,781.00","13,471,000.00","39,436,572.00","40,713,919.00", 
SKB,Skydive the Beach Group Limited,Annual Ratio Analysis - ROE, , , , , , , , , , , , , , , , , , , , , , , , ,0.00%,14.87%, 
SKB,Skydive the Beach Group Limited,Annual Profit and Loss - Operating Revenue, , , , , , , , , , , , , , , , , , , , , , , , ,--,"26,320,000.00", 
SKB,Skydive the Beach Group Limited,Annual Profit and Loss - Reported NPAT After Abnorma, , , , , , , , , , , , , , , , , , , , , , , , ,0.00,"2,468,000.00", 
SKB,Skydive the Beach Group Limited,Annual Balance Sheet - Total Equity, , , , , , , , , , , , , , , , , , , , , , , , ,"23,815,000.00","33,185,000.00", 
SKB,Skydive the Beach Group Limited,Annual Balance Sheet - Total Assets, , , , , , , , , , , , , , , , , , , , , , , , ,"44,203,000.00","49,144,000.00", 
SKC,SkyCity Entertainment Group Limited,Annual Ratio Analysis - ROE, , , , , , , , , ,30.61%, ,8.64%,38.44%,44.50%,57.38%,54.77%,39.22%,25.96%,23.35%,15.56%,15.25%,16.92%,17.52%,16.77%,15.92%,16.53%, 
SKC,SkyCity Entertainment Group Limited,Annual Profit and Loss - Operating Revenue, , , , , , , , , ,"212,019,632.00", ,"352,633,508.00","440,852,773.00","485,850,357.00","538,267,092.00","616,063,995.00","618,775,392.00","724,331,065.00","637,650,884.00","673,973,286.00","625,558,173.00","620,045,549.00","666,768,459.00","724,074,635.00","762,459,808.00","811,127,147.00", 
SKC,SkyCity Entertainment Group Limited,Annual Profit and Loss - Reported NPAT After Abnorma, , , , , , , , , ,"37,586,008.00", ,"53,700,781.00","40,292,897.00","93,856,294.00","93,091,157.00","96,376,638.00","98,485,072.00","89,278,911.00","39,057,815.00","92,935,307.00","82,765,680.00","94,961,012.00","108,738,548.00","107,305,197.00","91,568,627.00","113,993,270.00", 
SKC,SkyCity Entertainment Group Limited,Annual Balance Sheet - Total Equity, , , , , , , , , ,"122,774,524.00", ,"311,963,972.00","221,071,366.00","215,265,409.00","195,627,164.00","176,719,537.00","253,954,272.00","346,062,585.00","374,617,336.00","597,289,990.00","617,092,135.00","598,174,940.00","633,577,636.00","684,770,448.00","719,157,141.00","723,323,888.00", 
SKC,SkyCity Entertainment Group Limited,Annual Balance Sheet - Total Assets, , , , , , , , , ,"417,508,457.00", ,"761,003,507.00","780,386,210.00","817,904,662.00","1,071,065,633.00","1,379,442,559.00","1,419,386,462.00","1,490,221,315.00","1,335,291,458.00","1,506,956,871.00","1,329,411,764.00","1,299,058,905.00","1,343,877,535.00","1,391,642,658.00","1,701,818,604.00","1,704,941,561.00", 
SLK,Sealink Travel Group Limited,Annual Ratio Analysis - ROE, , , , , , , , , , , , , , , , , , , , , , , ,0.00%,13.41%,15.79%, 
SLK,Sealink Travel Group Limited,Annual Profit and Loss - Operating Revenue, , , , , , , , , , , , , , , , , , , , , , , ,--,"103,271,715.00","110,869,000.00", 
SLK,Sealink Travel Group Limited,Annual Profit and Loss - Reported NPAT After Abnorma, , , , , , , , , , , , , , , , , , , , , , , ,0.00,"7,233,479.00","9,349,000.00", 
SLK,Sealink Travel Group Limited,Annual Balance Sheet - Total Equity, , , , , , , , , , , , , , , , , , , , , , , ,"46,508,000.00","53,943,442.00","61,294,000.00", 
SLK,Sealink Travel Group Limited,Annual Balance Sheet - Total Assets, , , , , , , , , , , , , , , , , , , , , , , ,"64,881,000.00","86,746,379.00","90,015,000.00", 
TAH,Tabcorp Holdings Limited,Annual Ratio Analysis - ROE, , , , , ,9.09%,12.55%,14.48%,17.15%,22.85%,13.76%,15.10%,20.45%,19.94%,15.72%,10.87%,16.29%,13.34%,18.66%,15.95%,13.59%,-4.66%,24.19%,9.84%,10.09%,19.79%, 
TAH,Tabcorp Holdings Limited,Annual Profit and Loss - Operating Revenue, , , , , ,"556,978,000.00","733,663,000.00","815,610,000.00","937,953,024.00","1,066,164,992.00","1,625,769,000.00","1,811,599,000.00","1,933,052,000.00","1,900,681,000.00","2,462,753,000.00","3,760,600,000.00","3,825,400,000.00","3,875,100,000.00","3,992,500,000.00","4,211,300,000.00","4,219,800,000.00","2,947,500,000.00","3,033,800,000.00","1,998,500,000.00","2,036,800,000.00","2,155,500,000.00", 
TAH,Tabcorp Holdings Limited,Annual Profit and Loss - Reported NPAT After Abnorma, , , , , ,"63,433,000.00","87,170,000.00","100,761,000.00","121,317,000.00","143,340,992.00","174,780,000.00","187,682,000.00","260,959,000.00","252,624,000.00","311,027,000.00","370,800,000.00","542,600,000.00","449,500,000.00","-165,000,000.00","521,700,000.00","469,500,000.00","534,800,000.00","340,000,000.00","126,600,000.00","129,900,000.00","334,500,000.00", 
TAH,Tabcorp Holdings Limited,Annual Balance Sheet - Total Equity, , , , , ,"697,751,000.00","694,429,000.00","696,010,000.00","707,572,992.00","627,203,016.00","1,238,064,000.00","1,243,210,000.00","1,276,377,000.00","1,319,876,000.00","1,975,950,000.00","3,273,200,000.00","3,362,900,000.00","3,384,200,000.00","2,770,800,000.00","3,276,800,000.00","3,454,700,000.00","1,210,900,000.00","1,405,800,000.00","1,413,200,000.00","1,481,400,000.00","1,690,100,000.00", 
TAH,Tabcorp Holdings Limited,Annual Balance Sheet - Total Assets, , , , , ,"837,031,000.00","867,409,000.00","865,790,000.00","894,245,992.00","891,642,000.00","2,571,148,000.00","2,501,975,000.00","2,413,678,000.00","2,399,501,000.00","4,345,866,000.00","6,484,500,000.00","6,755,300,000.00","6,726,500,000.00","6,121,700,000.00","6,339,400,000.00","6,457,700,000.00","2,838,500,000.00","3,249,000,000.00","3,144,600,000.00","3,105,100,000.00","3,384,000,000.00", 
TAU,Trustees Australia Limited,Annual Ratio Analysis - ROE,-5.46%,-7.42%,-18.16%,"6,410.67%",109.21%,-41.92%,6.53%,-10.20%,4.35%,35.28%,27.57%,15.27%,10.97%,10.64%,7.90%,7.88%,21.30%,6.05%,0.70%,1.74%,-5.74%,-29.39%,-9.09%,-13.37%,-6.16%,-1.45%, 
TAU,Trustees Australia Limited,Annual Profit and Loss - Operating Revenue,"13,004,000.00","15,533,000.00","13,870,000.00","26,628,000.00","24,996,000.00","13,684,000.00","4,209,725.00","2,824,541.00","3,194,683.00","11,439,728.00","8,438,154.00","8,461,218.00","7,745,564.00","8,188,895.00","8,259,501.00","9,219,000.00","2,687,112.00","2,950,102.00","3,462,130.00","4,134,768.00","5,625,297.00","4,204,821.00","4,010,161.00","6,228,541.00","3,393,154.00","3,534,875.00", 
TAU,Trustees Australia Limited,Annual Profit and Loss - Reported NPAT After Abnorma,"-1,707,000.00","-575,000.00","-2,648,000.00","-11,719,000.00","-10,437,000.00","-757,000.00","641,222.00","-407,732.00","181,589.00","2,240,400.00","2,417,586.00","1,618,631.00","1,306,532.00","1,432,740.00","1,524,785.00","1,651,000.00","6,731,773.00","1,604,929.00","-298,515.00","527,681.00","-1,181,760.00","-9,446,978.00","-1,598,416.00","-324,432.00","-933,944.00","564,622.00", 
TAU,Trustees Australia Limited,Annual Balance Sheet - Total Equity,"6,464,000.00","17,025,000.00","14,376,000.00","2,658,000.00","-11,985,000.00","4,203,000.00","4,844,276.00","3,997,097.00","4,178,686.00","6,350,086.00","8,767,672.00","10,597,827.00","11,906,958.00","13,464,698.00","19,298,605.00","20,949,000.00","24,880,837.00","26,515,774.00","26,436,147.00","26,873,154.00","20,842,090.00","11,414,127.00","9,827,351.00","9,526,044.00","8,582,091.00","9,575,276.00", 
TAU,Trustees Australia Limited,Annual Balance Sheet - Total Assets,"17,840,000.00","45,967,000.00","85,986,000.00","86,614,000.00","69,742,000.00","11,168,000.00","9,751,093.00","9,928,776.00","13,678,729.00","12,641,926.00","17,985,588.00","20,923,174.00","20,435,967.00","21,941,793.00","29,159,365.00","30,926,000.00","27,182,656.00","27,843,684.00","27,923,436.00","28,788,316.00","22,308,725.00","13,223,587.00","12,022,517.00","14,575,556.00","14,558,350.00","11,857,540.00", 
TBH,TopBetta Holdings Limited,Annual Ratio Analysis - ROE, , , , , , , , , , , , , , , , , , , , , , , , , ,0.00%, 
TBH,TopBetta Holdings Limited,Annual Profit and Loss - Operating Revenue, , , , , , , , , , , , , , , , , , , , , , , , , ,--, 
TBH,TopBetta Holdings Limited,Annual Profit and Loss - Reported NPAT After Abnorma, , , , , , , , , , , , , , , , , , , , , , , , , ,0.00, 
TBH,TopBetta Holdings Limited,Annual Balance Sheet - Total Equity, , , , , , , , , , , , , , , , , , , , , , , , , ,"11,695,719.00", 
TBH,TopBetta Holdings Limited,Annual Balance Sheet - Total Assets, , , , , , , , , , , , , , , , , , , , , , , , , ,"12,875,721.00", 
TCO,Transmetro Corporation Limited,Annual Ratio Analysis - ROE,0.57%,-1.79%,0.02%,17.33%,3.27%,1.15%,2.20%,3.11%,-4.08%,5.64%,-0.40%,-17.61%,-114.87%,-5.54%,20.76%,14.66%,16.92%,15.71%,16.70%,9.96%,4.98%,10.54%,26.43%,9.98%,2.33%,6.91%, 
TCO,Transmetro Corporation Limited,Annual Profit and Loss - Operating Revenue,"8,249,000.00","8,279,000.00","8,421,000.00","7,858,000.00","9,097,000.00","13,632,000.00","19,004,670.00","21,388,770.00","25,023,902.00","30,956,478.00","32,227,214.00","31,176,661.00","27,600,855.00","26,638,924.00","26,493,202.00","22,726,563.00","23,288,511.00","24,632,083.00","25,856,219.00","30,773,700.00","31,038,695.00","34,583,953.00","36,205,116.00","33,630,438.00","31,747,071.00","29,625,412.00", 
TCO,Transmetro Corporation Limited,Annual Profit and Loss - Reported NPAT After Abnorma,"120,000.00","-289,000.00","-325,000.00","-5,038,000.00","220,000.00","-691,000.00","66,397.00","46,088.00","-3,146,554.00","343,920.00","858,829.00","-1,783,441.00","-4,119,671.00","247,026.00","2,269,875.00","2,331,285.00","2,036,713.00","2,177,090.00","2,550,924.00","1,624,754.00","744,620.00","4,202,918.00","-3,215,564.00","2,005,064.00","445,515.00","1,162,486.00", 
TCO,Transmetro Corporation Limited,Annual Balance Sheet - Total Equity,"20,934,000.00","16,118,000.00","12,597,000.00","9,134,000.00","13,477,000.00","14,434,000.00","14,746,278.00","17,332,925.00","12,560,297.00","14,643,207.00","15,946,430.00","7,234,605.00","2,222,483.00","3,088,639.00","10,932,285.00","15,896,979.00","12,039,144.00","13,860,336.00","15,277,438.00","16,320,375.00","17,120,738.00","18,647,101.00","20,870,783.00","22,206,709.00","19,108,420.00","19,706,407.00", 
TCO,Transmetro Corporation Limited,Annual Balance Sheet - Total Assets,"30,232,000.00","25,766,000.00","22,383,000.00","18,952,000.00","21,564,000.00","21,277,000.00","23,176,484.00","27,389,833.00","29,555,016.00","31,323,710.00","31,568,598.00","26,148,492.00","19,719,341.00","19,695,914.00","32,634,287.00","37,535,130.00","29,688,579.00","31,065,767.00","31,087,904.00","35,338,790.00","34,617,237.00","31,267,362.00","49,442,061.00","49,091,942.00","44,219,417.00","44,754,319.00", 
TFG,Total Face Group Limited,Annual Ratio Analysis - ROE, , , , , , , , , , , , , , , , , , , , , , , , , ,0.00%, 
TFG,Total Face Group Limited,Annual Profit and Loss - Operating Revenue, , , , , , , , , , , , , , , , , , , , , , , , , ,--, 
TFG,Total Face Group Limited,Annual Profit and Loss - Reported NPAT After Abnorma, , , , , , , , , , , , , , , , , , , , , , , , , ,0.00, 
TFG,Total Face Group Limited,Annual Balance Sheet - Total Equity, , , , , , , , , , , , , , , , , , , , , , , , , ,"12,404,514.00", 
TFG,Total Face Group Limited,Annual Balance Sheet - Total Assets, , , , , , , , , , , , , , , , , , , , , , , , , ,"15,334,701.00", 
TNK,Think Childcare Limited,Annual Ratio Analysis - ROE, , , , , , , , , , , , , , , , , , , , , , , , ,0.00%,27.68%, 
TNK,Think Childcare Limited,Annual Profit and Loss - Operating Revenue, , , , , , , , , , , , , , , , , , , , , , , , ,--,"44,555,000.00", 
TNK,Think Childcare Limited,Annual Profit and Loss - Reported NPAT After Abnorma, , , , , , , , , , , , , , , , , , , , , , , , ,0.00,"4,809,000.00", 
TNK,Think Childcare Limited,Annual Balance Sheet - Total Equity, , , , , , , , , , , , , , , , , , , , , , , , ,"13,083,000.00","17,380,000.00", 
TNK,Think Childcare Limited,Annual Balance Sheet - Total Assets, , , , , , , , , , , , , , , , , , , , , , , , ,"29,169,000.00","30,201,000.00", 
TTS,Tatts Group Limited,Annual Ratio Analysis - ROE, , , , , , , , , , , , , , , ,1.35%,26.47%,8.93%,9.94%,10.69%,11.41%,10.99%,12.69%,8.79%,8.04%,8.67%, 
TTS,Tatts Group Limited,Annual Profit and Loss - Operating Revenue, , , , , , , , , , , , , , , ,"197,960,000.00","2,562,102,000.00","2,396,280,000.00","3,074,697,000.00","3,240,630,000.00","3,290,595,000.00","3,659,401,000.00","3,887,058,000.00","2,933,734,000.00","2,855,876,000.00","2,911,814,000.00", 
TTS,Tatts Group Limited,Annual Profit and Loss - Reported NPAT After Abnorma, , , , , , , , , , , , , , , ,"12,707,000.00","128,848,000.00","288,984,000.00","258,037,000.00","278,048,000.00","120,300,000.00","275,428,000.00","319,139,000.00","247,336,000.00","200,421,000.00","251,964,000.00", 
TTS,Tatts Group Limited,Annual Balance Sheet - Total Equity, , , , , , , , , , , , , , , ,"1,096,000,000.00","484,987,000.00","2,614,409,000.00","2,577,859,000.00","2,595,426,000.00","2,467,804,000.00","2,554,139,000.00","2,663,641,000.00","2,760,421,000.00","2,836,035,000.00","2,971,072,000.00", 
TTS,Tatts Group Limited,Annual Balance Sheet - Total Assets, , , , , , , , , , , , , , , ,"1,421,287,000.00","802,768,000.00","3,809,333,000.00","4,035,611,000.00","4,247,178,000.00","4,960,556,000.00","4,768,494,000.00","4,943,993,000.00","5,445,060,000.00","5,700,162,000.00","5,525,341,000.00", 
UCW,UCW Limited,Annual Ratio Analysis - ROE, , , , , , , , , , , , , ,--,0.98%,9.46%,14.46%,14.18%,12.32%,6.39%,3.02%,"-1,112.69%",583.25%,92.95%,67.55%,-46.60%, 
UCW,UCW Limited,Annual Profit and Loss - Operating Revenue, , , , , , , , , , , , , ,"28,467,000.00","2,218,596.00","43,427,282.00","45,646,301.00","43,101,521.00","31,839,630.00","23,954,701.00","22,868,293.00","16,375,820.00","10,945,461.00","7,602,289.00","3,249,363.00","2,874.00", 
UCW,UCW Limited,Annual Profit and Loss - Reported NPAT After Abnorma, , , , , , , , , , , , , ,"1,375,000.00","237,649.00","2,427,215.00","4,060,799.00","4,124,189.00","3,649,942.00","-2,267,571.00","-5,768,731.00","-16,163,504.00","-603,594.00","-1,365,404.00","-2,288,546.00","2,207,740.00", 
UCW,UCW Limited,Annual Balance Sheet - Total Equity, , , , , , , , , , , , , ,--,"24,198,399.00","25,665,614.00","28,089,888.00","29,094,077.00","29,624,019.00","25,556,448.00","17,616,160.00","1,452,656.00","-103,488.00","-1,468,892.00","-3,325,438.00","959,177.00", 
UCW,UCW Limited,Annual Balance Sheet - Total Assets, , , , , , , , , , , , , ,--,"31,918,469.00","32,642,343.00","34,193,784.00","34,016,021.00","34,087,031.00","28,473,884.00","21,898,165.00","5,450,403.00","2,798,989.00","1,234,540.00","119,386.00","1,175,204.00", 
VET,Vocation Limited,Annual Ratio Analysis - ROE, , , , , , , , , , , , , , , , , , , , , , , ,0.00%,3.70%,163.88%, 
VET,Vocation Limited,Annual Profit and Loss - Operating Revenue, , , , , , , , , , , , , , , , , , , , , , , ,--,"128,379,000.00","32,906,000.00", 
VET,Vocation Limited,Annual Profit and Loss - Reported NPAT After Abnorma, , , , , , , , , , , , , , , , , , , , , , , ,0.00,"8,272,000.00","-300,278,000.00", 
VET,Vocation Limited,Annual Balance Sheet - Total Equity, , , , , , , , , , , , , , , , , , , , , , , ,"212,700,000.00","223,721,000.00","-13,493,000.00", 
VET,Vocation Limited,Annual Balance Sheet - Total Assets, , , , , , , , , , , , , , , , , , , , , , , ,"222,100,000.00","321,906,000.00","34,511,000.00", 
VIA,Viagold Capital Limited,Annual Ratio Analysis - ROE, , , , , , ,15.48%,5.61%,-10.89%,-51.25%,-9.46%,-22.46%,-19.67%,-152.29%,0.42%,-50.32%,"-1,579.36%",141.49%,-31.21%,-442.43%,-45.56%,-744.93%,48.05%,-117.05%,-52.55%,-74.25%,-113.78%
VIA,Viagold Capital Limited,Annual Profit and Loss - Operating Revenue, , , , , , ,"90,997,000.00","92,792,000.00",--,0.00,0.00,"70,367,000.00","119,212,792.00","102,717,945.00","55,340,980.00","62,137,537.00","10,402,678.00","57,238,000.00","44,074,000.00","8,000.00","518,000.00","2,926,000.00",0.00,"1,011,000.00","1,182,000.00","748,000.00","816,000.00"
VIA,Viagold Capital Limited,Annual Profit and Loss - Reported NPAT After Abnorma, , , , , , ,"9,258,000.00","5,022,000.00","16,132,000.00","2,635,493.00","-23,520,000.00","-11,333,000.00","-9,950,317.00","-23,143,640.00","94,712.00","-5,451,906.00","-1,859,305.00","-5,613,000.00","11,737,000.00","-8,902,000.00","2,513,000.00","-3,270,000.00","-3,989,000.00","-2,492,000.00","-919,000.00","-1,084,000.00","-1,198,000.00"
VIA,Viagold Capital Limited,Annual Balance Sheet - Total Equity, , , , , , ,"54,589,000.00","69,647,000.00","60,120,000.00","11,781,082.00","33,655,000.00","59,297,000.00","45,585,702.00","12,770,838.00","20,720,770.00","10,834,148.00","117,725.00","-3,833,000.00","9,622,000.00","3,087,000.00","4,703,000.00","3,149,000.00","3,501,000.00","2,595,000.00","2,209,000.00","1,924,000.00","1,577,000.00"
VIA,Viagold Capital Limited,Annual Balance Sheet - Total Assets, , , , , , ,"128,853,000.00","131,216,000.00","75,830,000.00","13,621,806.00","39,717,000.00","93,920,000.00","75,046,668.00","38,747,981.00","42,716,906.00","30,895,519.00","4,757,258.00","19,116,000.00","15,776,000.00","12,368,000.00","11,361,000.00","5,331,000.00","3,865,000.00","2,926,000.00","2,606,000.00","2,919,000.00","2,834,000.00"
