ASX Code,Company Name,Item,2000,2001,2002,2003,2004,2005,2006,2007,2008,2009,2010,2011,2012,2013,2014,2015
AEJ,Redbank Energy Limited,Annual Balance Sheet - Total Equity, , , , , , , ,"906,643,000.00","1,395,253,000.00","950,833,000.00","429,697,000.00","-20,689,000.00","-12,780,000.00","16,143,000.00", , 
AEJ,Redbank Energy Limited,Annual Profit and Loss - Total Revenue Excluding Int, , , , , , , ,"537,598,000.00","1,602,806,000.00","1,785,440,000.00","1,824,493,000.00","97,772,000.00","89,632,000.00","98,398,000.00", , 
AEJ,Redbank Energy Limited,Annual Profit and Loss - EBITDA, , , , , , , ,"27,832,000.00","-28,800,000.00","354,897,000.00","452,935,000.00","8,574,000.00","-19,575,000.00","-20,323,000.00", , 
AEJ,Redbank Energy Limited,Annual Profit and Loss - EBIT, , , , , , , ,"-27,756,000.00","-181,655,000.00","178,284,000.00","278,102,000.00","-2,881,000.00","-31,047,000.00","-32,282,000.00", , 
AEJ,Redbank Energy Limited,Annual Profit and Loss - Reported NPAT After Abnorma, , , , , , , ,"-70,666,000.00","-426,515,000.00","-168,933,000.00","-577,393,000.00","-437,885,000.00","7,909,000.00","28,923,000.00", , 
AEJ,Redbank Energy Limited,Annual Profit and Loss - Total Operating Income (ban, , , , , , , ,--,--,--,--,--,--,--, , 
AEJ,Redbank Energy Limited,Annual Ratio Analysis - Net Profit Margin, , , , , , , ,-14.19%,-27.96%,-7.25%,3.87%,-77.44%,-66.73%,-2.11%, , 
AEJ,Redbank Energy Limited,Annual Ratio Analysis - ROE, , , , , , , ,-9.23%,-31.76%,-11.64%,13.14%,236.46%,327.23%,-12.88%, , 
AEJ,Redbank Energy Limited,Annual Ratio Analysis - Market Cap.($), , , , , , , ,"1,243,143,400.00","464,850,560.00","60,285,296.38","40,352,943.60","3,145,148.00","3,459,662.80","7,076,583.00", , 
AGL,AGL Energy Limited,Annual Balance Sheet - Total Equity,"2,085,900,000.00","2,108,300,000.00","2,328,400,000.00","3,153,000,000.00","3,154,600,000.00","3,267,600,000.00","3,215,000,000.00","6,517,600,000.00","4,979,900,000.00","5,845,700,000.00","5,799,900,000.00","6,341,500,000.00","7,132,900,000.00","7,339,000,000.00","7,588,000,000.00","8,815,000,000.00"
AGL,AGL Energy Limited,Annual Profit and Loss - Total Revenue Excluding Int,"2,730,500,000.00","3,841,400,000.00","3,128,700,000.00","4,677,500,000.00","4,192,300,000.00","5,558,300,000.00","3,803,600,000.00","3,803,600,000.00","5,616,100,000.00","6,869,200,000.00","6,617,100,000.00","7,072,500,000.00","7,458,500,000.00","9,715,700,000.00","9,543,000,000.00","10,678,000,000.00"
AGL,AGL Energy Limited,Annual Profit and Loss - EBITDA,"661,400,000.00","703,100,000.00","757,600,000.00","929,800,000.00","948,700,000.00","1,000,600,000.00","515,100,000.00","728,800,000.00","788,100,000.00","-309,300,000.00","600,500,000.00","792,600,000.00","587,000,000.00","1,448,400,000.00","1,366,000,000.00","1,738,000,000.00"
AGL,AGL Energy Limited,Annual Profit and Loss - EBIT,"509,500,000.00","504,900,000.00","537,800,000.00","679,900,000.00","704,400,000.00","603,000,000.00","423,000,000.00","565,300,000.00","685,800,000.00","-432,300,000.00","463,000,000.00","644,600,000.00","413,100,000.00","1,161,300,000.00","1,040,000,000.00","1,359,000,000.00"
AGL,AGL Energy Limited,Annual Profit and Loss - Reported NPAT After Abnorma,"462,700,000.00","36,500,000.00","202,200,000.00","339,900,000.00","379,500,000.00","868,200,000.00","305,300,000.00","410,500,000.00","229,000,000.00","1,596,100,000.00","356,100,000.00","558,700,000.00","114,900,000.00","388,700,000.00","570,000,000.00","218,000,000.00"
AGL,AGL Energy Limited,Annual Profit and Loss - Total Operating Income (ban,--,--,--,--,--,--,--,--,--,--,--,--,--,--,--,--
AGL,AGL Energy Limited,Annual Ratio Analysis - Net Profit Margin,10.93%,6.36%,8.50%,8.26%,8.69%,9.38%,8.03%,8.61%,8.16%,-8.46%,4.63%,6.10%,3.62%,6.98%,6.18%,7.45%
AGL,AGL Energy Limited,Annual Ratio Analysis - ROE,13.94%,11.76%,11.76%,11.07%,11.86%,11.84%,9.50%,5.00%,8.89%,-8.54%,5.28%,6.80%,3.79%,9.24%,7.78%,9.03%
AGL,AGL Energy Limited,Annual Ratio Analysis - Market Cap.($),"3,402,809,226.15","3,050,755,853.60","3,764,229,803.50","4,929,182,358.00","5,533,817,256.36","6,497,089,913.12",0.00,"6,577,036,434.39","6,339,963,587.10","6,019,359,200.00","6,616,124,682.30","6,758,216,873.80","8,062,368,195.91","8,024,960,872.40","8,664,461,668.08","10,491,777,477.90"
APA,APA Group,Annual Balance Sheet - Total Equity,"477,073,000.00","454,101,000.00","438,747,000.00","443,180,000.00","528,006,000.00","615,223,000.00","591,460,000.00","1,160,767,000.00","1,250,208,000.00","1,278,455,000.00","1,395,145,000.00","1,667,845,000.00","1,614,042,000.00","2,512,311,000.00","2,496,489,000.00","4,382,650,000.00"
APA,APA Group,Annual Profit and Loss - Total Revenue Excluding Int,"13,613,000.00","240,295,000.00","230,641,000.00","245,186,000.00","245,345,000.00","357,790,000.00","373,343,000.00","515,115,000.00","852,362,000.00","912,512,000.00","958,166,000.00","1,072,522,000.00","1,020,933,000.00","1,208,811,000.00","1,323,659,000.00","1,934,207,000.00"
APA,APA Group,Annual Profit and Loss - EBITDA,"6,438,000.00","134,511,000.00","131,343,000.00","137,807,000.00","140,899,000.00","178,876,000.00","200,401,000.00","292,854,000.00","413,185,000.00","445,338,000.00","456,204,000.00","485,438,000.00","530,340,000.00","651,512,000.00","740,432,000.00","811,046,000.00"
APA,APA Group,Annual Profit and Loss - EBIT,"5,182,000.00","109,447,000.00","105,005,000.00","113,724,000.00","118,332,000.00","142,058,000.00","161,553,000.00","223,071,000.00","318,726,000.00","349,698,000.00","364,778,000.00","385,088,000.00","419,931,000.00","521,051,000.00","584,204,000.00","602,846,000.00"
APA,APA Group,Annual Profit and Loss - Reported NPAT After Abnorma,"2,265,000.00","33,221,000.00","37,374,000.00","41,324,000.00","121,504,000.00","69,991,000.00","62,880,000.00","56,862,000.00","67,247,000.00","78,850,000.00","100,508,000.00","108,825,000.00","130,655,000.00","296,003,000.00","343,706,000.00","559,930,000.00"
APA,APA Group,Annual Profit and Loss - Total Operating Income (ban,--,--,--,--,--,--,--,--,--,--,--,--,--,--,--,--
APA,APA Group,Annual Ratio Analysis - Net Profit Margin,18.21%,13.72%,16.09%,16.79%,18.36%,14.26%,16.29%,12.72%,9.67%,10.98%,10.53%,10.38%,13.90%,14.83%,15.10%,13.57%
APA,APA Group,Annual Ratio Analysis - ROE,0.47%,7.26%,8.46%,9.26%,8.52%,8.29%,10.26%,7.48%,9.28%,7.80%,7.19%,6.53%,11.43%,9.34%,10.50%,6.09%
APA,APA Group,Annual Ratio Analysis - Market Cap.($),"558,760,000.00","612,928,000.00","573,400,000.00","724,680,000.00","665,893,760.00","1,048,646,831.84","1,196,372,870.00","1,813,145,023.20","1,222,109,411.94","1,371,324,889.00","1,952,347,064.40","2,580,852,238.03","3,215,983,059.17","5,006,147,333.93","5,758,323,060.23","9,181,892,720.56"
AST,AusNet Services,Annual Balance Sheet - Total Equity, , , , , ,"2,408,100,000.00","2,581,596,000.00","2,652,609,000.00","2,610,565,000.00","2,227,800,000.00","2,774,100,000.00","2,864,900,000.00","2,927,900,000.00","3,432,200,000.00","3,444,600,000.00","3,248,800,000.00"
AST,AusNet Services,Annual Profit and Loss - Total Revenue Excluding Int, , , , , ,--,"737,463,000.00","1,019,459,000.00","1,055,136,000.00","1,169,400,000.00","1,344,100,000.00","1,497,500,000.00","1,549,500,000.00","1,671,500,000.00","1,823,900,000.00","1,846,700,000.00"
AST,AusNet Services,Annual Profit and Loss - EBITDA, , , , , ,0.00,"492,219,000.00","607,600,000.00","647,937,000.00","709,600,000.00","788,800,000.00","892,900,000.00","921,200,000.00","1,007,500,000.00","1,099,600,000.00","1,120,600,000.00"
AST,AusNet Services,Annual Profit and Loss - EBIT, , , , , ,0.00,"343,639,000.00","407,610,000.00","447,376,000.00","500,500,000.00","554,300,000.00","634,700,000.00","627,400,000.00","684,700,000.00","729,900,000.00","741,400,000.00"
AST,AusNet Services,Annual Profit and Loss - Reported NPAT After Abnorma, , , , , ,0.00,"335,232,000.00","178,297,000.00","157,455,000.00","146,900,000.00","209,000,000.00","252,900,000.00","255,000,000.00","279,100,000.00","178,300,000.00","22,600,000.00"
AST,AusNet Services,Annual Profit and Loss - Total Operating Income (ban, , , , , ,--,--,--,--,--,--,--,--,--,--,--
AST,AusNet Services,Annual Ratio Analysis - Net Profit Margin, , , , , ,--,23.82%,14.14%,15.95%,15.15%,15.67%,17.23%,16.61%,17.02%,13.12%,4.67%
AST,AusNet Services,Annual Ratio Analysis - ROE, , , , , ,0.00%,11.67%,24.66%,6.45%,7.95%,7.53%,8.83%,8.71%,8.13%,6.85%,2.56%
AST,AusNet Services,Annual Ratio Analysis - Market Cap.($), , , , , ,0.00,"2,720,484,013.00","2,971,605,614.20","2,532,142,812.10","1,929,564,000.00","2,448,151,836.66","2,380,523,332.88","3,113,436,158.15","4,024,162,500.00","4,436,455,274.80","5,061,692,993.14"
CEN,Contact Energy Limited,Annual Balance Sheet - Total Equity, , , , , , ,"13,917,000.00","15,610,628.00","2,303,173,130.00","2,367,450,917.00","2,256,075,723.00","2,497,961,862.00","2,676,119,332.00","2,979,529,946.00","3,328,686,925.00","2,807,685,496.00"
CEN,Contact Energy Limited,Annual Profit and Loss - Total Revenue Excluding Int, , , , , , ,--,--,"2,202,886,826.00","1,788,046,346.00","1,758,537,536.00","1,722,268,200.00","2,114,727,899.00","2,127,874,652.00","2,273,022,953.00","2,163,095,448.00"
CEN,Contact Energy Limited,Annual Profit and Loss - EBITDA, , , , , , ,0.00,"-1,342,185.00","444,400,031.00","378,464,757.00","342,102,697.00","339,683,471.00","390,772,061.00","463,313,958.00","545,488,337.00","464,848,592.00"
CEN,Contact Energy Limited,Annual Profit and Loss - EBIT, , , , , , ,0.00,"-1,345,500.00","328,181,457.00","248,150,949.00","210,559,798.00","211,279,240.00","239,607,704.00","299,048,100.00","368,924,821.00","284,221,710.00"
CEN,Contact Energy Limited,Annual Profit and Loss - Reported NPAT After Abnorma, , , , , , ,0.00,"-1,218,193.00","188,013,323.00","94,573,543.00","125,664,608.00","116,030,263.00","149,110,484.00","167,635,414.00","217,451,909.00","117,761,643.00"
CEN,Contact Energy Limited,Annual Profit and Loss - Total Operating Income (ban, , , , , , ,--,--,--,--,--,--,--,--,--,--
CEN,Contact Energy Limited,Annual Ratio Analysis - Net Profit Margin, , , , , , ,--,--,8.79%,7.23%,6.99%,6.83%,6.31%,9.62%,9.48%,6.63%
CEN,Contact Energy Limited,Annual Ratio Analysis - ROE, , , , , , ,0.00%,-7.80%,8.34%,5.46%,5.40%,4.67%,4.95%,6.81%,6.34%,5.08%
CEN,Contact Energy Limited,Annual Ratio Analysis - Market Cap.($), , , , , , ,0.00,"26,843,391.60",0.00,0.00,0.00,0.00,0.00,0.00,0.00,0.00
CWE,Carnegie Wave Energy Limited,Annual Balance Sheet - Total Equity,"1,196,915.00","4,423,299.00","2,589,439.00","3,658,082.00","6,167,636.00","7,705,089.00","5,627,621.00","4,878,674.00","7,125,275.00","5,568,375.00","65,928,029.00","66,623,053.00","75,045,012.00","85,967,613.00","94,129,319.00","92,239,147.00"
CWE,Carnegie Wave Energy Limited,Annual Profit and Loss - Total Revenue Excluding Int,"46,563.00","4,673,908.00","2,593,616.00","1,895,591.00","4,127,507.00","3,525,291.00","1,589,579.00","1,597,466.00","8,078.00","250,804.00","136,879.00","78,972.00","233,227.00","16,891.00","1,621,750.00","1,508,682.00"
CWE,Carnegie Wave Energy Limited,Annual Profit and Loss - EBITDA,"-750,223.00","1,938,134.00","-2,597,907.00","207,812.00","-574,385.00","-1,449,876.00","-2,424,245.00","-3,159,775.00","-19,502,481.00","-8,904,042.00","-4,381,864.00","-12,469,018.00","-4,620,426.00","-3,571,855.00","-4,039,485.00","-3,631,064.00"
CWE,Carnegie Wave Energy Limited,Annual Profit and Loss - EBIT,"-781,605.00","1,917,904.00","-2,627,557.00","187,702.00","-594,947.00","-1,477,419.00","-2,467,698.00","-3,181,364.00","-19,580,580.00","-9,080,796.00","-4,510,440.00","-12,599,661.00","-4,718,758.00","-3,638,598.00","-4,110,690.00","-3,740,079.00"
CWE,Carnegie Wave Energy Limited,Annual Profit and Loss - Reported NPAT After Abnorma,"-775,699.00","1,925,123.00","-2,605,845.00","918,643.00","2,509,554.00","1,537,453.00","-1,194,282.00","-2,943,321.00","-18,928,364.00","-9,203,483.00","-4,248,945.00","-12,342,359.00","-4,521,876.00","-3,303,572.00","-4,176,921.00","-4,784,050.00"
CWE,Carnegie Wave Energy Limited,Annual Profit and Loss - Total Operating Income (ban,--,--,--,--,--,--,--,--,--,--,--,--,--,--,--,--
CWE,Carnegie Wave Energy Limited,Annual Ratio Analysis - Net Profit Margin,--,223.98%,--,--,-441.26%,"-1,130.28%","-1,140.13%","-159,012.48%",--,--,--,"-15,155.71%","-1,977.28%",--,--,--
CWE,Carnegie Wave Energy Limited,Annual Ratio Analysis - ROE,-64.81%,43.52%,-100.63%,5.30%,-7.85%,-16.87%,-38.69%,-60.33%,-265.65%,-165.28%,-6.44%,-18.53%,-6.03%,-3.84%,-4.44%,-5.19%
CWE,Carnegie Wave Energy Limited,Annual Ratio Analysis - Market Cap.($),"4,808,555.77","9,062,352.87","3,728,755.10","3,530,078.02","5,648,124.84","6,118,801.91","7,530,833.12","54,082,628.98","97,553,785.02","106,252,489.80","63,827,010.16","68,513,059.65","28,150,612.26","44,692,277.85","86,022,514.65","79,495,724.56"
DUE,DUET Group,Annual Balance Sheet - Total Equity, , , , ,"502,833,000.00","984,500,000.00","946,461,000.00","1,489,115,000.00","1,546,794,000.00","1,440,489,000.00","1,515,435,000.00","1,676,689,000.00","1,568,698,000.00","1,522,049,000.00","1,805,027,000.00","1,995,585,000.00"
DUE,DUET Group,Annual Profit and Loss - Total Revenue Excluding Int, , , , ,"515,667,000.00","758,216,000.00","802,069,000.00","883,163,000.00","916,164,000.00","983,620,000.00","1,099,888,000.00","1,145,431,000.00","1,212,468,000.00","1,307,043,000.00","1,241,157,000.00","1,260,040,000.00"
DUE,DUET Group,Annual Profit and Loss - EBITDA, , , , ,"323,559,000.00","498,931,000.00","507,604,000.00","514,195,000.00","539,493,000.00","610,468,000.00","698,470,000.00","727,997,000.00","738,436,000.00","800,506,000.00","797,628,000.00","753,722,000.00"
DUE,DUET Group,Annual Profit and Loss - EBIT, , , , ,"229,437,000.00","345,519,000.00","371,956,000.00","370,130,000.00","379,860,000.00","441,692,000.00","522,908,000.00","513,733,000.00","504,511,000.00","546,566,000.00","532,082,000.00","477,213,000.00"
DUE,DUET Group,Annual Profit and Loss - Reported NPAT After Abnorma, , , , ,"46,368,000.00","70,972,000.00","12,892,000.00","38,775,000.00","74,581,000.00","-49,957,000.00","173,754,000.00","188,400,000.00","43,997,000.00","19,593,000.00","193,061,000.00","45,928,000.00"
DUE,DUET Group,Annual Profit and Loss - Total Operating Income (ban, , , , ,--,--,--,--,--,--,--,--,--,--,--,--
DUE,DUET Group,Annual Ratio Analysis - Net Profit Margin, , , , ,7.59%,8.02%,6.88%,2.80%,14.25%,12.07%,9.81%,11.40%,4.83%,5.65%,6.56%,3.88%
DUE,DUET Group,Annual Ratio Analysis - ROE, , , , ,8.22%,6.83%,6.30%,1.89%,4.07%,9.24%,7.96%,9.84%,4.22%,5.18%,4.82%,2.63%
DUE,DUET Group,Annual Ratio Analysis - Market Cap.($), , , , ,0.00,"1,038,028,980.00","1,173,064,750.00","2,188,062,800.00","1,572,404,220.00","1,304,512,440.00","1,405,954,400.00","1,546,478,100.00","2,042,089,040.00","2,350,321,140.00","3,189,097,780.00","3,450,398,490.00"
ENB,Eneabba Gas Limited,Annual Balance Sheet - Total Equity, , , , , ,"10,101,398.00","7,997,262.00","7,808,492.00","7,136,776.00","8,202,523.00","6,993,045.00","3,986,848.00","5,577,729.00","5,592,017.00","3,434,078.00","4,044,760.00"
ENB,Eneabba Gas Limited,Annual Profit and Loss - Total Revenue Excluding Int, , , , , ,--,--,"6,667.00","1,703,916.00","3,718,812.00","9,282.00","82,442.00","802,191.00","10,963.00","10,702.00","10,826.00"
ENB,Eneabba Gas Limited,Annual Profit and Loss - EBITDA, , , , , ,0.00,"-848,748.00","-1,871,949.00","-743,892.00","384,148.00","-1,848,896.00","-3,800,848.00","-936,636.00","-396,011.00","-329,242.00","-553,603.00"
ENB,Eneabba Gas Limited,Annual Profit and Loss - EBIT, , , , , ,0.00,"-859,343.00","-1,890,435.00","-763,550.00","367,844.00","-1,887,298.00","-3,816,552.00","-957,634.00","-415,082.00","-348,068.00","-571,150.00"
ENB,Eneabba Gas Limited,Annual Profit and Loss - Reported NPAT After Abnorma, , , , , ,0.00,"-729,757.00","-1,697,270.00","-602,717.00","548,336.00","-1,801,376.00","-3,792,035.00","-703,469.00",109.00,"-2,157,939.00","-513,236.00"
ENB,Eneabba Gas Limited,Annual Profit and Loss - Total Operating Income (ban, , , , , ,--,--,--,--,--,--,--,--,--,--,--
ENB,Eneabba Gas Limited,Annual Ratio Analysis - Net Profit Margin, , , , , ,--,--,"-25,457.78%",-35.45%,16.16%,--,"-5,047.97%",-88.84%,--,--,--
ENB,Eneabba Gas Limited,Annual Ratio Analysis - ROE, , , , , ,0.00%,-9.13%,-21.74%,-8.45%,7.31%,-25.76%,-95.11%,-12.61%,0.00%,-6.42%,-12.69%
ENB,Eneabba Gas Limited,Annual Ratio Analysis - Market Cap.($), , , , , ,0.00,"25,098,240.96","22,745,680.92","7,457,600.70","14,938,042.60","7,832,301.30","4,232,818.70","4,812,541.14","1,604,180.38","2,245,852.53","9,905,813.86"
EPW,ERM Power Limited,Annual Balance Sheet - Total Equity, , , , , , , , , , ,"139,160.00","157,699,000.00","181,756,000.00","271,843,000.00","277,205,000.00","319,716,000.00"
EPW,ERM Power Limited,Annual Profit and Loss - Total Revenue Excluding Int, , , , , , , , , , ,--,"545,167,000.00","935,958,000.00","1,563,728,000.00","2,070,245,000.00","2,418,546,000.00"
EPW,ERM Power Limited,Annual Profit and Loss - EBITDA, , , , , , , , , , ,0.00,"55,947,000.00","58,862,000.00","129,803,000.00","79,946,000.00","186,135,000.00"
EPW,ERM Power Limited,Annual Profit and Loss - EBIT, , , , , , , , , , ,0.00,"45,970,000.00","40,954,000.00","115,766,000.00","61,902,000.00","167,273,000.00"
EPW,ERM Power Limited,Annual Profit and Loss - Reported NPAT After Abnorma, , , , , , , , , , ,0.00,"16,219,000.00","36,567,000.00","38,469,000.00","-23,075,000.00","65,937,000.00"
EPW,ERM Power Limited,Annual Profit and Loss - Total Operating Income (ban, , , , , , , , , , ,--,--,--,--,--,--
EPW,ERM Power Limited,Annual Ratio Analysis - Net Profit Margin, , , , , , , , , , ,--,3.05%,1.24%,3.97%,1.28%,4.39%
EPW,ERM Power Limited,Annual Ratio Analysis - ROE, , , , , , , , , , ,0.00%,10.26%,6.95%,24.75%,9.49%,31.71%
EPW,ERM Power Limited,Annual Ratio Analysis - Market Cap.($), , , , , , , , , , ,0.00,"253,750,126.64","336,590,078.00","501,725,635.00","428,980,731.30","555,586,693.36"
ERJ,Enerji Ltd,Annual Balance Sheet - Total Equity,"5,213,313.00","3,375,306.00","1,877,566.00","665,438.00","189,838.00","-180,805.00","480,696.00","763,121.00","349,142.00","5,109,731.00","6,981,558.00","7,940,359.00","7,394,543.00","5,584,180.00","-3,779,742.00","-3,555,641.00"
ERJ,Enerji Ltd,Annual Profit and Loss - Total Revenue Excluding Int,"3,607,184.00","49,475.00","9,785,794.00","17,362,218.00","520,545.00","1,679,093.00","417,195.00","77,605.00",--,--,"6,229.00","18,735.00","26,321.00","30,327.00","143,614.00","404,977.00"
ERJ,Enerji Ltd,Annual Profit and Loss - EBITDA,"-2,699,140.00","-1,340,949.00","-1,598,824.00","-1,439,480.00","-719,550.00","-2,745,607.00","-1,765,342.00","-73,190.00","-701,996.00","-7,458,441.00","-8,958,295.00","-2,617,128.00","-6,463,702.00","-4,631,472.00","-2,851,774.00","-2,996,093.00"
ERJ,Enerji Ltd,Annual Profit and Loss - EBIT,"-2,886,040.00","-1,379,785.00","-1,644,641.00","-1,509,612.00","-756,048.00","-2,748,803.00","-1,769,640.00","-74,134.00","-703,309.00","-7,458,441.00","-9,933,764.00","-3,676,705.00","-7,676,156.00","-5,697,246.00","-3,869,466.00","-3,001,497.00"
ERJ,Enerji Ltd,Annual Profit and Loss - Reported NPAT After Abnorma,"-11,266,000.00","-1,181,191.00","-1,524,656.00","-1,465,339.00","-730,338.00","-2,324,295.00","-1,155,521.00","282,425.00","-676,531.00","-7,408,206.00","-9,709,404.00","-1,986,473.00","-7,316,793.00","-4,924,410.00","-10,674,665.00","-578,378.00"
ERJ,Enerji Ltd,Annual Profit and Loss - Total Operating Income (ban,--,--,--,--,--,--,--,--,--,--,--,--,--,--,--,--
ERJ,Enerji Ltd,Annual Ratio Analysis - Net Profit Margin,-73.81%,"-3,695.96%",-15.21%,-8.44%,-211.32%,-337.72%,-335.10%,--,--,--,--,--,--,"-16,414.70%",--,--
ERJ,Enerji Ltd,Annual Ratio Analysis - ROE,-50.45%,-35.00%,-77.55%,-220.21%,-384.72%,"1,506.72%",-290.83%,37.01%,-193.77%,-144.98%,-139.07%,-25.02%,-98.95%,-88.19%,84.27%,16.20%
ERJ,Enerji Ltd,Annual Ratio Analysis - Market Cap.($),0.00,"8,643,195.74","3,216,072.83","2,310,398.60","3,653,265.00","3,736,274.45","1,888,484.73","1,398,877.58","594,607.15","112,150,942.68","21,026,991.14","11,402,543.62","8,935,943.88","5,450,311.51","4,956,063.09","21,816,972.45"
EVM,EnviroMission Limited,Annual Balance Sheet - Total Equity, ,"5,412,474.00","9,286,968.00","8,228,866.00","8,847,507.00","7,792,090.00","6,742,682.00","5,256,794.00","4,922,400.00","2,442,366.00","-1,607,225.00","-1,465,979.00","-1,217,737.00","-836,949.00","358,236.00","273,061.00"
EVM,EnviroMission Limited,Annual Profit and Loss - Total Revenue Excluding Int, ,--,--,"146,728.00","91,635.00","140,374.00","376,012.00","13,851.00","106,803.00","14,050.00",176.00,"259,574.00","48,872.00","381,996.00","223,463.00","513,270.00"
EVM,EnviroMission Limited,Annual Profit and Loss - EBITDA, ,0.00,"-2,534,031.00","-1,844,657.00","-1,208,204.00","-1,457,813.00","-1,181,458.00","-1,378,399.00","-882,687.00","-2,386,227.00","-4,432,956.00","-1,009,235.00","-1,541,346.00","-1,418,200.00","-1,721,262.00","-1,559,141.00"
EVM,EnviroMission Limited,Annual Profit and Loss - EBIT, ,0.00,"-3,054,666.00","-2,370,441.00","-1,737,121.00","-1,994,704.00","-1,716,631.00","-1,902,618.00","-1,399,516.00","-5,477,263.00","-4,949,434.00","-1,014,848.00","-1,543,066.00","-1,418,500.00","-1,727,316.00","-1,570,159.00"
EVM,EnviroMission Limited,Annual Profit and Loss - Reported NPAT After Abnorma, ,0.00,"-3,946,703.00","-2,375,100.00","-1,726,312.00","-1,975,481.00","-1,725,166.00","-1,929,081.00","-1,666,848.00","-11,634,372.00","-4,956,491.00","-1,168,726.00","-1,599,560.00","-1,420,723.00","-1,773,837.00","-1,567,749.00"
EVM,EnviroMission Limited,Annual Profit and Loss - Total Operating Income (ban, ,--,--,--,--,--,--,--,--,--,--,--,--,--,--,--
EVM,EnviroMission Limited,Annual Ratio Analysis - Net Profit Margin, ,--,--,"-1,618.71%",--,--,--,"-89,516.52%","-1,647.21%","-142,451.30%",--,-261.89%,--,-364.68%,-798.69%,--
EVM,EnviroMission Limited,Annual Ratio Analysis - ROE, ,0.00%,-32.45%,-28.86%,-19.51%,-25.35%,-25.59%,-36.70%,-33.86%,-235.11%,308.39%,79.72%,131.36%,169.75%,-495.16%,-574.14%
EVM,EnviroMission Limited,Annual Ratio Analysis - Market Cap.($), ,0.00,"7,127,000.43","8,161,702.40","12,023,221.14","23,039,155.20","12,770,563.95","13,084,040.55","4,481,343.22","11,659,137.20","7,473,352.79","7,665,785.42","15,161,352.29","12,125,381.84","32,298,672.67","40,680,508.88"
EWC,Energy World Corporation Ltd,Annual Balance Sheet - Total Equity,"102,761,000.00","125,530,000.00","132,998,000.00","78,003,000.00","51,388,000.00","54,459,000.00","65,314,000.00","286,760,000.00","422,730,105.00","484,474,981.00","488,996,832.00","425,063,786.00","550,689,824.00","627,870,619.00","638,253,715.00","805,408,854.00"
EWC,Energy World Corporation Ltd,Annual Profit and Loss - Total Revenue Excluding Int,"32,990,000.00","32,077,000.00","24,339,000.00","79,977,000.00","17,606,000.00","8,750,000.00","15,732,000.00","147,619,000.00","88,310,824.00","118,071,234.00","117,647,541.00","111,365,117.00","143,053,674.00","143,339,083.00","168,678,343.00","233,115,885.00"
EWC,Energy World Corporation Ltd,Annual Profit and Loss - EBITDA,"24,501,000.00","10,992,000.00","18,309,000.00","21,095,000.00","-11,802,000.00","17,371,000.00","10,725,000.00","65,157,000.00","44,709,121.00","22,268,917.00","60,445,852.00","55,615,979.00","57,491,904.00","59,549,326.00","75,254,777.00","105,345,052.00"
EWC,Energy World Corporation Ltd,Annual Profit and Loss - EBIT,"16,036,000.00","3,724,000.00","11,279,000.00","14,257,000.00","-14,394,000.00","16,682,000.00","10,020,000.00","49,598,000.00","31,700,602.00","1,255,854.00","37,038,601.00","36,582,549.00","35,072,122.00","33,375,741.00","37,860,934.00","62,404,947.00"
EWC,Energy World Corporation Ltd,Annual Profit and Loss - Reported NPAT After Abnorma,"-12,920,000.00","-29,188,000.00","9,467,000.00","-31,999,000.00","-25,088,000.00","11,170,000.00","8,680,000.00","69,940,000.00","21,909,412.00","-10,557,061.00","23,898,861.00","25,941,894.00","20,766,362.00","18,022,641.00","20,865,180.00","33,496,093.00"
EWC,Energy World Corporation Ltd,Annual Profit and Loss - Total Operating Income (ban,--,--,--,--,--,--,--,--,--,--,--,--,--,--,--,--
EWC,Energy World Corporation Ltd,Annual Ratio Analysis - Net Profit Margin,23.82%,-38.63%,12.95%,15.88%,-249.97%,158.15%,22.34%,30.03%,27.15%,-9.51%,21.50%,24.58%,14.05%,12.34%,12.20%,14.06%
EWC,Energy World Corporation Ltd,Annual Ratio Analysis - ROE,6.42%,-9.87%,2.28%,4.52%,-37.98%,20.51%,2.40%,10.16%,5.18%,-2.36%,4.90%,6.04%,3.70%,2.86%,3.27%,4.09%
EWC,Energy World Corporation Ltd,Annual Ratio Analysis - Market Cap.($),"40,106,447.62","32,185,158.10","36,607,824.00","17,537,205.00","15,031,890.00","31,733,990.00","27,003,164.16","1,488,413,338.88","1,834,370,839.60","983,535,003.36","585,437,502.00","780,583,336.00","641,641,668.64","676,325,002.08","554,933,335.04","632,970,835.28"
GDY,Geodynamics Limited,Annual Balance Sheet - Total Equity, , ,"10,963,042.00","14,244,602.00","38,947,438.00","68,239,528.00","82,143,112.00","139,081,139.00","253,387,214.00","282,820,199.00","269,875,000.00","154,618,000.00","154,423,000.00","50,451,000.00","38,416,000.00","24,259,000.00"
GDY,Geodynamics Limited,Annual Profit and Loss - Total Revenue Excluding Int, , ,--,"2,805,341.00","3,369,659.00","422,489.00","174,627.00",--,"1,182,012.00",--,--,--,--,--,--,"2,269,000.00"
GDY,Geodynamics Limited,Annual Profit and Loss - EBITDA, , ,"-155,824.00","-884,152.00","-2,371,049.00","-3,651,213.00","-4,416,005.00","-3,962,788.00","-8,577,348.00","-15,240,039.00","-14,608,000.00","-14,815,000.00","-11,864,000.00","-98,795,000.00","-15,762,000.00","-12,798,000.00"
GDY,Geodynamics Limited,Annual Profit and Loss - EBIT, , ,"-160,187.00","-928,409.00","-2,475,620.00","-4,156,817.00","-4,974,231.00","-4,512,901.00","-8,849,785.00","-16,190,530.00","-15,950,000.00","-17,581,000.00","-13,184,000.00","-106,226,000.00","-16,284,000.00","-12,877,000.00"
GDY,Geodynamics Limited,Annual Profit and Loss - Reported NPAT After Abnorma, , ,"-136,413.00","-533,913.00","-2,021,376.00","-3,480,347.00","-3,969,265.00","-5,453,067.00","-7,380,740.00","-15,307,432.00","-14,765,000.00","-135,563,000.00","-11,772,000.00","-105,092,000.00","-14,781,000.00","-14,445,000.00"
GDY,Geodynamics Limited,Annual Profit and Loss - Total Operating Income (ban, , ,--,--,--,--,--,--,--,--,--,--,--,--,--,--
GDY,Geodynamics Limited,Annual Ratio Analysis - Net Profit Margin, , ,--,--,-59.99%,-823.77%,"-2,273.00%",--,--,--,--,--,--,--,--,--
GDY,Geodynamics Limited,Annual Ratio Analysis - ROE, , ,-1.24%,-3.75%,-5.19%,-5.10%,-4.83%,-2.65%,-2.91%,-4.03%,-4.38%,-9.74%,-7.62%,-208.31%,-38.48%,-49.03%
GDY,Geodynamics Limited,Annual Ratio Analysis - Market Cap.($), , ,0.00,"23,398,786.14","78,809,559.15","160,387,081.64","80,983,623.10","331,597,189.23","388,839,522.00","252,551,256.87","96,637,272.27","69,063,030.56","44,709,786.88","34,954,924.29","20,486,366.11","15,691,684.68"
GNE,Genesis Energy Limited,Annual Balance Sheet - Total Equity, , , , , , , , , , , , , ,"1,755,308,392.00","1,747,700,027.00","1,616,256,419.00"
GNE,Genesis Energy Limited,Annual Profit and Loss - Total Revenue Excluding Int, , , , , , , , , , , , , ,--,"1,863,209,738.00","1,886,754,028.00"
GNE,Genesis Energy Limited,Annual Profit and Loss - EBITDA, , , , , , , , , , , , , ,0.00,"320,323,390.00","330,883,655.00"
GNE,Genesis Energy Limited,Annual Profit and Loss - EBIT, , , , , , , , , , , , , ,0.00,"174,704,953.00","193,022,843.00"
GNE,Genesis Energy Limited,Annual Profit and Loss - Reported NPAT After Abnorma, , , , , , , , , , , , , ,0.00,"45,720,657.00","92,792,633.00"
GNE,Genesis Energy Limited,Annual Profit and Loss - Total Operating Income (ban, , , , , , , , , , , , , ,--,--,--
GNE,Genesis Energy Limited,Annual Ratio Analysis - Net Profit Margin, , , , , , , , , , , , , ,--,4.52%,5.57%
GNE,Genesis Energy Limited,Annual Ratio Analysis - ROE, , , , , , , , , , , , , ,0.00%,9.61%,6.34%
GNE,Genesis Energy Limited,Annual Ratio Analysis - Market Cap.($), , , , , , , , , , , , , ,0.00,"1,669,165,000.00","1,569,215,000.00"
GNX,Genex Power Limited,Annual Balance Sheet - Total Equity, , , , , , , , , , , , , , , ,"11,701,000.00"
GNX,Genex Power Limited,Annual Profit and Loss - Total Revenue Excluding Int, , , , , , , , , , , , , , , ,--
GNX,Genex Power Limited,Annual Profit and Loss - EBITDA, , , , , , , , , , , , , , , ,0.00
GNX,Genex Power Limited,Annual Profit and Loss - EBIT, , , , , , , , , , , , , , , ,0.00
GNX,Genex Power Limited,Annual Profit and Loss - Reported NPAT After Abnorma, , , , , , , , , , , , , , , ,0.00
GNX,Genex Power Limited,Annual Profit and Loss - Total Operating Income (ban, , , , , , , , , , , , , , , ,--
GNX,Genex Power Limited,Annual Ratio Analysis - Net Profit Margin, , , , , , , , , , , , , , , ,--
GNX,Genex Power Limited,Annual Ratio Analysis - ROE, , , , , , , , , , , , , , , ,0.00%
GNX,Genex Power Limited,Annual Ratio Analysis - Market Cap.($), , , , , , , , , , , , , , , ,0.00
GOE,GO energy Group Limited,Annual Balance Sheet - Total Equity,"5,671,583.00","4,651,171.00","3,151,186.00","2,305,772.00","1,911,253.00","8,126,008.00","3,047,558.00","2,323,139.00","6,048,807.00","7,855,946.00","12,173,170.00","13,829,292.00","9,532,438.00","4,011,613.00","1,634,526.00","1,260,301.00"
GOE,GO energy Group Limited,Annual Profit and Loss - Total Revenue Excluding Int,"832,450.00","908,424.00","1,713,211.00","2,522,998.00","2,266,782.00","10,147,640.00","14,875,917.00","10,273,659.00","17,403,005.00","31,928,548.00","36,862,736.00","53,751,196.00","22,937,938.00","10,235,231.00","5,304,760.00","23,142,229.00"
GOE,GO energy Group Limited,Annual Profit and Loss - EBITDA,"-413,893.00","-1,089,281.00","-1,372,833.00","-838,792.00","-975,456.00","-773,675.00","-5,619,564.00","-2,096,642.00","92,604.00","1,733,892.00","3,149,239.00","3,753,606.00","-5,752,833.00","-2,047,609.00","-2,428,639.00","-5,197,095.00"
GOE,GO energy Group Limited,Annual Profit and Loss - EBIT,"-434,644.00","-1,135,543.00","-1,481,333.00","-928,719.00","-1,074,102.00","-1,015,116.00","-5,869,270.00","-2,200,403.00","29,591.00","1,675,919.00","3,108,655.00","3,716,146.00","-5,872,466.00","-2,264,517.00","-2,458,022.00","-5,620,148.00"
GOE,GO energy Group Limited,Annual Profit and Loss - Reported NPAT After Abnorma,"-429,058.00","-1,003,463.00","-1,499,985.00","-850,414.00","-1,040,571.00","-945,454.00","-5,888,421.00","-2,254,419.00","119,405.00","1,791,012.00","4,796,012.00","2,461,631.00","-4,377,824.00","-5,605,210.00","-2,439,755.00","-7,993,545.00"
GOE,GO energy Group Limited,Annual Profit and Loss - Total Operating Income (ban,--,--,--,--,--,--,--,--,--,--,--,--,--,--,--,--
GOE,GO energy Group Limited,Annual Ratio Analysis - Net Profit Margin,-53.24%,-110.46%,-79.09%,-33.77%,-48.62%,-9.53%,-39.97%,-22.14%,0.72%,6.45%,13.89%,4.58%,-18.00%,-50.06%,-46.14%,-17.42%
GOE,GO energy Group Limited,Annual Ratio Analysis - ROE,-7.57%,-21.57%,-42.97%,-36.88%,-54.44%,-11.63%,-193.22%,-97.04%,1.97%,22.80%,39.40%,17.80%,-43.30%,-127.14%,-149.26%,-315.41%
GOE,GO energy Group Limited,Annual Ratio Analysis - Market Cap.($),0.00,"9,286,688.25","3,508,304.45","6,818,488.05","8,549,183.38","18,732,784.28","17,209,294.02","14,895,447.94","8,383,772.80","9,980,681.90","15,569,863.76","20,959,431.99","7,585,318.24","3,076,501.86","1,025,500.62","14,785,597.53"
HRL,HRL Holdings Ltd,Annual Balance Sheet - Total Equity, , , , , , , , ,"4,890,492.00","3,648,428.00","4,015,210.00","5,611,597.00","5,268,605.00","-556,607.00","1,626,109.00","6,223,208.00"
HRL,HRL Holdings Ltd,Annual Profit and Loss - Total Revenue Excluding Int, , , , , , , , ,--,--,--,"350,000.00",--,--,"347,350.00","4,669,609.00"
HRL,HRL Holdings Ltd,Annual Profit and Loss - EBITDA, , , , , , , , ,"-987,442.00","-2,341,318.00","-2,011,092.00","-1,880,312.00","-2,213,879.00","-7,686,273.00","-889,894.00","25,931.00"
HRL,HRL Holdings Ltd,Annual Profit and Loss - EBIT, , , , , , , , ,"-989,760.00","-2,359,119.00","-2,048,714.00","-1,930,463.00","-2,278,632.00","-7,709,738.00","-892,111.00","-406,534.00"
HRL,HRL Holdings Ltd,Annual Profit and Loss - Reported NPAT After Abnorma, , , , , , , , ,"-754,423.00","-2,199,265.00","-1,617,171.00","-1,546,402.00","-2,084,118.00","-7,696,487.00","2,147,825.00","-1,583,755.00"
HRL,HRL Holdings Ltd,Annual Profit and Loss - Total Operating Income (ban, , , , , , , , ,--,--,--,--,--,--,--,--
HRL,HRL Holdings Ltd,Annual Ratio Analysis - Net Profit Margin, , , , , , , , ,--,--,--,--,--,--,--,-1.35%
HRL,HRL Holdings Ltd,Annual Ratio Analysis - ROE, , , , , , , , ,-15.43%,-60.28%,-40.28%,-27.56%,-39.56%,"1,382.75%",-53.58%,-1.01%
HRL,HRL Holdings Ltd,Annual Ratio Analysis - Market Cap.($), , , , , , , , ,"7,038,000.69","6,995,000.60","6,471,500.42","6,563,323.83","7,657,162.10","2,763,422.14","1,727,138.84","10,509,401.70"
IFN,Infigen Energy,Annual Balance Sheet - Total Equity, , , , , , ,"666,019,000.00","754,023,000.00","1,135,222,000.00","920,176,000.00","719,685,000.00","640,776,000.00","525,833,000.00","484,015,000.00","492,058,000.00","260,904,000.00"
IFN,Infigen Energy,Annual Profit and Loss - Total Revenue Excluding Int, , , , , , ,"77,461,000.00","150,460,000.00","495,942,000.00","456,989,000.00","391,655,000.00","354,277,000.00","355,495,000.00","383,507,000.00","341,104,000.00","142,161,000.00"
IFN,Infigen Energy,Annual Profit and Loss - EBITDA, , , , , , ,"18,892,000.00","107,037,000.00","370,772,000.00","339,103,000.00","252,899,000.00","227,428,000.00","224,714,000.00","250,167,000.00","249,439,000.00","91,835,000.00"
IFN,Infigen Energy,Annual Profit and Loss - EBIT, , , , , , ,"-1,169,000.00","73,072,000.00","236,497,000.00","181,130,000.00","106,241,000.00","91,126,000.00","84,589,000.00","112,279,000.00","125,553,000.00","37,338,000.00"
IFN,Infigen Energy,Annual Profit and Loss - Reported NPAT After Abnorma, , , , , , ,"-16,235,000.00","13,853,000.00","39,828,000.00","192,940,000.00","-73,503,000.00","-60,994,000.00","-55,877,000.00","-79,975,000.00","-8,903,000.00","-303,603,000.00"
IFN,Infigen Energy,Annual Profit and Loss - Total Operating Income (ban, , , , , , ,--,--,--,--,--,--,--,--,--,--
IFN,Infigen Energy,Annual Ratio Analysis - Net Profit Margin, , , , , , ,-28.00%,22.22%,6.55%,-2.14%,-14.91%,-9.27%,-20.16%,-7.15%,3.15%,-13.34%
IFN,Infigen Energy,Annual Ratio Analysis - ROE, , , , , , ,-3.11%,1.76%,2.81%,-0.79%,-7.66%,-4.06%,-10.50%,-4.33%,1.75%,-6.84%
IFN,Infigen Energy,Annual Ratio Analysis - Market Cap.($), , , , , , ,"868,706,020.00","1,312,488,450.00","1,428,848,645.00","929,403,550.00","543,667,410.00","266,793,100.00","171,509,850.00","194,377,830.00","183,598,320.00","245,724,160.00"
IFT,Infratil Limited,Annual Balance Sheet - Total Equity, , , , , , , , , , , ,"1,355,871,100.00","1,581,245,074.00","1,552,872,272.00","1,909,670,762.00","2,506,424,717.00"
IFT,Infratil Limited,Annual Profit and Loss - Total Revenue Excluding Int, , , , , , , , , , , ,"1,466,524,426.00","1,725,847,123.00","1,900,673,940.00","2,424,162,836.00","1,654,634,624.00"
IFT,Infratil Limited,Annual Profit and Loss - EBITDA, , , , , , , , , , , ,"354,252,501.00","428,447,596.00","407,012,195.00","725,635,493.00","438,057,871.00"
IFT,Infratil Limited,Annual Profit and Loss - EBIT, , , , , , , , , , , ,"267,142,436.00","323,089,046.00","287,708,600.00","581,277,553.00","291,221,186.00"
IFT,Infratil Limited,Annual Profit and Loss - Reported NPAT After Abnorma, , , , , , , , , , , ,"87,992,937.00","100,078,802.00","61,777,920.00","257,574,336.00","457,381,069.00"
IFT,Infratil Limited,Annual Profit and Loss - Total Operating Income (ban, , , , , , , , , , , ,--,--,--,--,--
IFT,Infratil Limited,Annual Ratio Analysis - Net Profit Margin, , , , , , , , , , , ,3.18%,4.11%,2.77%,12.78%,0.98%
IFT,Infratil Limited,Annual Ratio Analysis - ROE, , , , , , , , , , , ,6.45%,8.28%,6.52%,26.78%,1.09%
IFT,Infratil Limited,Annual Ratio Analysis - Market Cap.($), , , , , , , , , , , ,"843,928,948.80","839,311,086.90","834,149,529.07","1,128,851,651.37","1,573,250,663.60"
KPO,Kalina Power Limited,Annual Balance Sheet - Total Equity,"1,245,026.00","464,817.00","636,653.00","260,333.00","662,980.00","2,779,675.00","2,712,765.00","2,476,247.00","13,883,267.00","6,486,827.00","513,747.00","15,349,684.00","10,678,291.00","18,052,400.00","8,481,252.00","15,511,266.00"
KPO,Kalina Power Limited,Annual Profit and Loss - Total Revenue Excluding Int,"29,714.00","317,379.00","196,639.00","7,700.00","189,346.00","61,035.00","6,527.00","14,647.00","895,035.00","3,446,680.00","1,033,233.00","14,758,353.00","8,466,006.00","2,897,054.00","677,021.00","26,566,352.00"
KPO,Kalina Power Limited,Annual Profit and Loss - EBITDA,"-2,019,064.00","-2,852,517.00","-346,584.00","-440,694.00","-293,502.00","-467,317.00","-688,224.00","-4,519,730.00","-3,565,386.00","689,307.00","-8,462,795.00","-8,858,286.00","-7,351,194.00","-8,114,882.00","-21,403,590.00","-12,348,179.00"
KPO,Kalina Power Limited,Annual Profit and Loss - EBIT,"-2,120,446.00","-3,196,182.00","-397,583.00","-443,758.00","-296,652.00","-470,475.00","-691,544.00","-4,521,700.00","-3,570,598.00","687,920.00","-8,501,650.00","-8,972,581.00","-7,558,475.00","-8,377,384.00","-21,623,352.00","-12,521,423.00"
KPO,Kalina Power Limited,Annual Profit and Loss - Reported NPAT After Abnorma,0.00,"-3,270,078.00","-353,965.00","-962,232.00","-228,224.00","-365,246.00","-467,728.00","-4,268,207.00","-3,531,410.00","-13,110,680.00","-8,482,739.00","-547,288.00","-7,448,777.00","-11,933,583.00","-32,252,726.00","9,656,219.00"
KPO,Kalina Power Limited,Annual Profit and Loss - Total Operating Income (ban,--,--,--,--,--,--,--,--,--,--,--,--,--,--,--,--
KPO,Kalina Power Limited,Annual Ratio Analysis - Net Profit Margin,--,--,"-17,592.32%","-5,839.29%","-19,018.67%","-30,437.17%","-7,166.05%",--,"-6,140.82%",84.62%,-986.81%,-188.63%,-157.00%,-628.59%,"-5,321.81%","-203,228.47%"
KPO,Kalina Power Limited,Annual Ratio Analysis - ROE,0.00%,-723.52%,-57.38%,-139.07%,-34.42%,-13.14%,-17.24%,-172.37%,-17.95%,34.94%,"-1,195.78%",-58.23%,-73.61%,-121.18%,"1,346.02%",-77.60%
KPO,Kalina Power Limited,Annual Ratio Analysis - Market Cap.($),"6,902,785.44","1,225,657.74","2,451,315.48","1,828,333.03","2,377,233.03","8,315,432.64","10,566,407.99","22,157,477.36","20,972,651.57","13,787,106.68","17,102,189.41","70,255,133.70","41,705,641.88","19,053,446.62","163,902.78","439,573.66"
KTE,K2 Energy Limited,Annual Balance Sheet - Total Equity, , , , ,"3,188,823.00","14,655,026.00","27,490,742.00","12,088,115.00","9,987,392.00","8,163,676.00","2,663,516.00","4,704,206.00","4,514,551.00","4,073,990.00","4,254,378.00","4,455,962.00"
KTE,K2 Energy Limited,Annual Profit and Loss - Total Revenue Excluding Int, , , , ,"3,650.00","1,323,095.00","2,351,085.00","1,221,985.00","669,522.00","760,909.00","89,034.00",--,"54,608.00","3,089.00","75,573.00","316,133.00"
KTE,K2 Energy Limited,Annual Profit and Loss - EBITDA, , , , ,"-39,395.00","225,893.00","558,178.00","-24,691,274.00","-3,361,819.00","-819,610.00","-925,583.00","-2,056,945.00","-1,139,186.00","-719,777.00","71,159.00","29,325.00"
KTE,K2 Energy Limited,Annual Profit and Loss - EBIT, , , , ,"-39,395.00","-797,109.00","-2,078,024.00","-28,040,915.00","-4,279,038.00","-2,118,398.00","-927,083.00","-2,056,945.00","-1,139,186.00","-719,777.00","71,159.00","29,325.00"
KTE,K2 Energy Limited,Annual Profit and Loss - Reported NPAT After Abnorma, , , , ,"-39,395.00","-729,294.00","-1,899,962.00","-28,041,002.00","-4,058,417.00","-1,977,303.00","-3,822,105.00","-1,843,101.00","-1,052,250.00","-549,609.00","180,388.00","201,584.00"
KTE,K2 Energy Limited,Annual Profit and Loss - Total Operating Income (ban, , , , ,--,--,--,--,--,--,--,--,--,--,--,--
KTE,K2 Energy Limited,Annual Ratio Analysis - Net Profit Margin, , , , ,"-1,079.32%",-55.35%,-81.51%,"-2,294.71%",-606.17%,-384.86%,"-1,041.27%",--,--,--,--,--
KTE,K2 Energy Limited,Annual Ratio Analysis - ROE, , , , ,-1.24%,-3.98%,-6.91%,-238.54%,-40.64%,-24.22%,-34.81%,-39.18%,-23.31%,-13.49%,4.24%,4.52%
KTE,K2 Energy Limited,Annual Ratio Analysis - Market Cap.($), , , , ,0.00,"41,940,000.00","33,217,723.88","30,985,475.33","15,025,313.84","3,788,992.19","7,577,984.37","10,452,403.35","4,567,246.62","2,440,571.51","1,708,400.06","4,881,143.02"
LPE,Locality Planning Energy Holdings Limited,Annual Balance Sheet - Total Equity, , , , , , , , , , , ,"3,860,814.00","3,265,610.00","6,439,999.00","4,154,832.00","-1,969,721.00"
LPE,Locality Planning Energy Holdings Limited,Annual Profit and Loss - Total Revenue Excluding Int, , , , , , , , , , , ,--,--,--,--,"1,770.00"
LPE,Locality Planning Energy Holdings Limited,Annual Profit and Loss - EBITDA, , , , , , , , , , , ,0.00,"-967,498.00","-4,425,010.00","-1,979,040.00","-7,052,776.00"
LPE,Locality Planning Energy Holdings Limited,Annual Profit and Loss - EBIT, , , , , , , , , , , ,0.00,"-967,943.00","-4,427,256.00","-1,980,840.00","-7,054,576.00"
LPE,Locality Planning Energy Holdings Limited,Annual Profit and Loss - Reported NPAT After Abnorma, , , , , , , , , , , ,0.00,"-876,189.00","-4,381,916.00","-1,869,301.00","-6,927,095.00"
LPE,Locality Planning Energy Holdings Limited,Annual Profit and Loss - Total Operating Income (ban, , , , , , , , , , , ,--,--,--,--,--
LPE,Locality Planning Energy Holdings Limited,Annual Ratio Analysis - Net Profit Margin, , , , , , , , , , , ,--,--,--,--,--
LPE,Locality Planning Energy Holdings Limited,Annual Ratio Analysis - ROE, , , , , , , , , , , ,0.00%,-26.83%,-78.22%,-44.69%,353.64%
LPE,Locality Planning Energy Holdings Limited,Annual Ratio Analysis - Market Cap.($), , , , , , , , , , , ,0.00,"8,641,500.63","8,247,263.05","607,111.38","1,652,983.56"
MCY,Mercury NZ Limited,Annual Balance Sheet - Total Equity, , , , , , , , , , , , , ,"2,680,269,564.00","2,991,357,680.00","2,954,666,194.00"
MCY,Mercury NZ Limited,Annual Profit and Loss - Total Revenue Excluding Int, , , , , , , , , , , , , ,"1,547,091,230.00","1,584,425,239.00","1,485,744,643.00"
MCY,Mercury NZ Limited,Annual Profit and Loss - EBITDA, , , , , , , , , , , , , ,"379,918,288.00","536,195,520.00","414,379,316.00"
MCY,Mercury NZ Limited,Annual Profit and Loss - EBIT, , , , , , , , , , , , , ,"253,708,196.00","386,581,172.00","263,856,915.00"
MCY,Mercury NZ Limited,Annual Profit and Loss - Reported NPAT After Abnorma, , , , , , , , , , , , , ,"96,673,405.00","197,007,713.00","41,615,016.00"
MCY,Mercury NZ Limited,Annual Profit and Loss - Total Operating Income (ban, , , , , , , , , , , , , ,--,--,--
MCY,Mercury NZ Limited,Annual Ratio Analysis - Net Profit Margin, , , , , , , , , , , , , ,9.77%,14.02%,8.91%
MCY,Mercury NZ Limited,Annual Ratio Analysis - ROE, , , , , , , , , , , , , ,5.64%,7.42%,4.35%
MCY,Mercury NZ Limited,Annual Ratio Analysis - Market Cap.($), , , , , , , , , , , , , ,"2,625,000,000.00","2,862,106,035.36","3,500,031,292.50"
MEZ,Meridian Energy Limited,Annual Balance Sheet - Total Equity, , , , , , , , , , , , , ,"3,949,119,703.00","4,633,700,000.00","4,204,002,125.00"
MEZ,Meridian Energy Limited,Annual Profit and Loss - Total Revenue Excluding Int, , , , , , , , , , , , , ,--,"2,542,400,000.00","2,588,099,876.00"
MEZ,Meridian Energy Limited,Annual Profit and Loss - EBITDA, , , , , , , , , , , , , ,0.00,"576,100,000.00","534,797,237.00"
MEZ,Meridian Energy Limited,Annual Profit and Loss - EBIT, , , , , , , , , , , , , ,0.00,"356,100,000.00","323,180,449.00"
MEZ,Meridian Energy Limited,Annual Profit and Loss - Reported NPAT After Abnorma, , , , , , , , , , , , , ,0.00,"229,800,000.00","218,700,194.00"
MEZ,Meridian Energy Limited,Annual Profit and Loss - Total Operating Income (ban, , , , , , , , , , , , , ,--,--,--
MEZ,Meridian Energy Limited,Annual Ratio Analysis - Net Profit Margin, , , , , , , , , , , , , ,--,7.84%,9.85%
MEZ,Meridian Energy Limited,Annual Ratio Analysis - ROE, , , , , , , , , , , , , ,0.00%,4.23%,6.00%
MEZ,Meridian Energy Limited,Annual Ratio Analysis - Market Cap.($), , , , , , , , , , , , , ,0.00,"2,946,340,231.60","4,866,454,287.00"
PEA,Pacific Energy Limited,Annual Balance Sheet - Total Equity,"38,149,372.00","18,139,952.00","6,235,338.00","4,820,926.00","9,655,854.00","11,463,924.00","10,774,000.00","12,168,000.00","8,688,000.00","28,047,000.00","49,173,000.00","96,714,000.00","100,517,000.00","117,472,000.00","125,753,000.00","130,124,000.00"
PEA,Pacific Energy Limited,Annual Profit and Loss - Total Revenue Excluding Int,"21,996,104.00","2,528,204.00","4,608,055.00","2,453,974.00","1,899,388.00","7,754,401.00","1,388,000.00","2,879,000.00","862,000.00","14,843,000.00","15,232,000.00","27,471,000.00","33,069,000.00","43,634,000.00","49,267,000.00","45,849,000.00"
PEA,Pacific Energy Limited,Annual Profit and Loss - EBITDA,"1,447,226.00","320,905.00","692,673.00","-880,083.00","-879,389.00","-53,963.00","-1,759,000.00","384,000.00","-1,774,000.00","9,234,000.00","10,117,000.00","12,632,000.00","21,514,000.00","30,689,000.00","35,907,000.00","30,804,000.00"
PEA,Pacific Energy Limited,Annual Profit and Loss - EBIT,"962,127.00","-141,738.00","215,077.00","-1,411,903.00","-1,383,570.00","-335,873.00","-2,041,000.00","99,000.00","-2,063,000.00","848,000.00","5,251,000.00","2,703,000.00","10,940,000.00","19,644,000.00","24,959,000.00","19,352,000.00"
PEA,Pacific Energy Limited,Annual Profit and Loss - Reported NPAT After Abnorma,"1,432,000.00","-20,009,420.00","-6,066,629.00","-1,414,412.00","-1,272,615.00","6,266,446.00","-1,278,000.00","232,000.00","-4,009,000.00","-5,425,000.00","4,001,000.00","-2,117,000.00","1,117,000.00","13,073,000.00","14,690,000.00","11,959,000.00"
PEA,Pacific Energy Limited,Annual Profit and Loss - Total Operating Income (ban,--,--,--,--,--,--,--,--,--,--,--,--,--,--,--,--
PEA,Pacific Energy Limited,Annual Ratio Analysis - Net Profit Margin,74.64%,224.24%,-109.72%,-75.70%,-106.28%,10.25%,-123.48%,14.39%,-199.34%,-39.62%,33.88%,2.36%,4.29%,36.58%,33.82%,26.05%
PEA,Pacific Energy Limited,Annual Ratio Analysis - ROE,4.45%,23.74%,-42.04%,-24.77%,-15.96%,1.37%,-11.86%,1.91%,-17.25%,-19.34%,16.27%,0.66%,1.36%,13.55%,12.90%,9.17%
PEA,Pacific Energy Limited,Annual Ratio Analysis - Market Cap.($),"18,799,119.60","5,091,428.22","7,819,647.84","4,398,551.91","9,366,966.50","9,065,251.86","24,818,933.00","21,840,661.04","13,762,223.46","43,875,285.00","43,036,680.00","150,677,160.00","174,222,440.00","145,370,800.00","177,612,820.00","153,412,220.00"
PTR,Petratherm Ltd,Annual Balance Sheet - Total Equity, , , ,"5,837,501.00", ,"3,471,627.00","4,767,999.00","11,597,187.00","9,931,646.00","15,711,883.00","16,889,182.00","16,357,887.00","16,978,460.00","17,239,593.00","216,343.00","345,175.00"
PTR,Petratherm Ltd,Annual Profit and Loss - Total Revenue Excluding Int, , , ,--, ,--,--,--,--,--,"70,599.00","5,660.00","5,449.00","32,078.00","2,914,337.00","40,061.00"
PTR,Petratherm Ltd,Annual Profit and Loss - EBITDA, , , ,0.00, ,"-523,001.00","-935,360.00","-1,493,777.00","-2,519,442.00","-3,634,814.00","-3,775,239.00","-2,004,335.00","-2,053,336.00","-1,220,805.00","-18,230,937.00","-541,529.00"
PTR,Petratherm Ltd,Annual Profit and Loss - EBIT, , , ,0.00, ,"-527,287.00","-942,675.00","-1,509,725.00","-2,549,699.00","-3,696,719.00","-3,843,896.00","-2,063,153.00","-2,088,460.00","-1,243,689.00","-18,246,060.00","-541,529.00"
PTR,Petratherm Ltd,Annual Profit and Loss - Reported NPAT After Abnorma, , , ,0.00, ,"-380,924.00","-835,611.00","-1,334,523.00","-2,129,322.00","-3,147,579.00","-3,476,671.00","-1,996,322.00","-1,808,315.00","-788,997.00","-18,260,076.00","-495,014.00"
PTR,Petratherm Ltd,Annual Profit and Loss - Total Operating Income (ban, , , ,--, ,--,--,--,--,--,--,--,--,--,--,--
PTR,Petratherm Ltd,Annual Ratio Analysis - Net Profit Margin, , , ,--, ,--,--,--,--,--,--,--,--,--,--,--
PTR,Petratherm Ltd,Annual Ratio Analysis - ROE, , , ,0.00%, ,-7.31%,-17.53%,-11.50%,-21.44%,-20.03%,-20.59%,-12.20%,-10.65%,-4.58%,"-8,440.34%",-143.41%
PTR,Petratherm Ltd,Annual Ratio Analysis - Market Cap.($), , , ,0.00, ,"9,100,000.26","11,711,250.27","83,195,461.44","37,618,506.90","27,664,101.90","15,639,621.62","11,661,145.64","6,990,384.40","3,364,276.15","1,937,423.61","1,039,385.16"
SKI,Spark Infrastructure Group,Annual Balance Sheet - Total Equity, , , , , , ,"607,887,000.00","663,463,000.00","390,669,000.00","576,210,000.00","1,398,307,000.00","1,333,820,000.00","1,473,456,000.00","1,632,919,000.00","1,845,568,000.00","2,156,355,000.00"
SKI,Spark Infrastructure Group,Annual Profit and Loss - Total Revenue Excluding Int, , , , , , ,--,--,--,--,--,--,--,--,--,--
SKI,Spark Infrastructure Group,Annual Profit and Loss - EBITDA, , , , , , ,--,--,--,--,--,--,--,--,--,--
SKI,Spark Infrastructure Group,Annual Profit and Loss - EBIT, , , , , , ,--,--,--,--,--,--,--,--,--,--
SKI,Spark Infrastructure Group,Annual Profit and Loss - Reported NPAT After Abnorma, , , , , , ,"25,882,000.00","56,932,000.00","9,453,000.00","122,548,000.00","80,947,000.00","82,580,000.00","173,851,000.00","128,435,000.00","128,133,000.00","88,024,000.00"
SKI,Spark Infrastructure Group,Annual Profit and Loss - Total Operating Income (ban, , , , , , ,--,--,--,--,--,--,--,--,--,--
SKI,Spark Infrastructure Group,Annual Ratio Analysis - Net Profit Margin, , , , , , ,--,--,--,--,--,--,--,--,--,--
SKI,Spark Infrastructure Group,Annual Ratio Analysis - ROE, , , , , , ,4.26%,5.56%,8.78%,14.13%,5.61%,10.05%,11.80%,8.86%,6.94%,4.08%
SKI,Spark Infrastructure Group,Annual Ratio Analysis - Market Cap.($), , , , , , ,"1,205,337,945.00","1,997,128,980.00","1,311,246,300.00","1,429,196,735.00","1,505,843,090.00","1,824,259,613.00","2,215,645,780.00","2,155,943,179.00","3,123,346,800.00","3,229,461,120.00"
TML,Timah Resources Limited,Annual Balance Sheet - Total Equity, , , , , , , , , , , , , , ,"4,023,724.00", 
TML,Timah Resources Limited,Annual Profit and Loss - Total Revenue Excluding Int, , , , , , , , , , , , , , ,--, 
TML,Timah Resources Limited,Annual Profit and Loss - EBITDA, , , , , , , , , , , , , , ,0.00, 
TML,Timah Resources Limited,Annual Profit and Loss - EBIT, , , , , , , , , , , , , , ,0.00, 
TML,Timah Resources Limited,Annual Profit and Loss - Reported NPAT After Abnorma, , , , , , , , , , , , , , ,0.00, 
TML,Timah Resources Limited,Annual Profit and Loss - Total Operating Income (ban, , , , , , , , , , , , , , ,--, 
TML,Timah Resources Limited,Annual Ratio Analysis - Net Profit Margin, , , , , , , , , , , , , , ,--, 
TML,Timah Resources Limited,Annual Ratio Analysis - ROE, , , , , , , , , , , , , , ,0.00%, 
TML,Timah Resources Limited,Annual Ratio Analysis - Market Cap.($), , , , , , , , , , , , , , ,0.00, 
WRG,Water Resources Group Limited,Annual Balance Sheet - Total Equity, , , , , , , , , , ,"1,857,213.00","-2,322,994.00","-2,123,993.00","-5,297,254.00","-422,387.00","-649,821.00"
WRG,Water Resources Group Limited,Annual Profit and Loss - Total Revenue Excluding Int, , , , , , , , , , ,"185,553.00",--,--,"1,395,073.00","697,157.00",--
WRG,Water Resources Group Limited,Annual Profit and Loss - EBITDA, , , , , , , , , , ,"-21,418,452.00","-4,661,664.00","-3,148,388.00","-786,767.00","218,406.00","-226,401.00"
WRG,Water Resources Group Limited,Annual Profit and Loss - EBIT, , , , , , , , , , ,"-21,471,588.00","-4,725,893.00","-3,209,558.00","-837,942.00","218,406.00","-226,401.00"
WRG,Water Resources Group Limited,Annual Profit and Loss - Reported NPAT After Abnorma, , , , , , , , , , ,"-26,427,327.00","-5,143,620.00","-4,135,039.00","-3,934,739.00","208,167.00","-227,434.00"
WRG,Water Resources Group Limited,Annual Profit and Loss - Total Operating Income (ban, , , , , , , , , , ,--,--,--,--,--,--
WRG,Water Resources Group Limited,Annual Ratio Analysis - Net Profit Margin, , , , , , , , , , ,--,--,--,--,--,--
WRG,Water Resources Group Limited,Annual Ratio Analysis - ROE, , , , , , , , , , ,"-1,422.96%",221.42%,194.68%,29.17%,-49.28%,70.00%
WRG,Water Resources Group Limited,Annual Ratio Analysis - Market Cap.($), , , , , , , , , , ,"51,341,689.14","7,578,716.52","6,576,732.05","1,707,970.93","4,177,254.40","4,177,254.40"
